CaptureEventID,URL_Info,Species
ASG000b8lk,S4/B04/B04_R1/S4_B04_R1_IMAG0049.JPG,giraffe
ASG000b8lk,S4/B04/B04_R1/S4_B04_R1_IMAG0050.JPG,giraffe
ASG000b8lk,S4/B04/B04_R1/S4_B04_R1_IMAG0051.JPG,giraffe
ASG000b8ny,S4/B04/B04_R2/S4_B04_R2_IMAG0015.JPG,elephant
ASG000b8ny,S4/B04/B04_R2/S4_B04_R2_IMAG0016.JPG,elephant
ASG000b8ny,S4/B04/B04_R2/S4_B04_R2_IMAG0017.JPG,elephant
ASG000e8ok,S4/B05/B05_R1/S4_B05_R1_IMAG0387.JPG,gazelleGrants
ASG000e8fy,S4/B05/B05_R2/S4_B05_R2_IMAG0021.JPG,impala
ASG000e8a2,S4/B05/B05_R2/S4_B05_R2_IMAG0175.JPG,impala
ASG000e8a2,S4/B05/B05_R2/S4_B05_R2_IMAG0176.JPG,impala
ASG000e8a2,S4/B05/B05_R2/S4_B05_R2_IMAG0177.JPG,impala
ASG000e8np,S4/B05/B05_R2/S4_B05_R2_IMAG0293.JPG,impala
ASG000e8mm,S4/B05/B05_R2/S4_B05_R2_IMAG0302.JPG,impala
ASG000e8m2,S4/B05/B05_R2/S4_B05_R2_IMAG0320.JPG,impala
ASG000e8n2,S4/B05/B05_R2/S4_B05_R2_IMAG0434.JPG,impala
ASG000e8fc,S4/B05/B05_R2/S4_B05_R2_IMAG0471.JPG,impala
ASG000e87d,S4/B05/B05_R2/S4_B05_R2_IMAG0519.JPG,impala
ASG000e87d,S4/B05/B05_R2/S4_B05_R2_IMAG0520.JPG,impala
ASG000e87d,S4/B05/B05_R2/S4_B05_R2_IMAG0521.JPG,impala
ASG000e87s,S4/B05/B05_R2/S4_B05_R2_IMAG0525.JPG,impala
ASG000e87s,S4/B05/B05_R2/S4_B05_R2_IMAG0526.JPG,impala
ASG000e87s,S4/B05/B05_R2/S4_B05_R2_IMAG0527.JPG,impala
ASG000e879,S4/B05/B05_R2/S4_B05_R2_IMAG0636.JPG,impala
ASG000e89d,S4/B05/B05_R2/S4_B05_R2_IMAG0727.JPG,impala
ASG000e89d,S4/B05/B05_R2/S4_B05_R2_IMAG0728.JPG,impala
ASG000e89d,S4/B05/B05_R2/S4_B05_R2_IMAG0729.JPG,impala
ASG000e8hg,S4/B05/B05_R2/S4_B05_R2_IMAG0787.JPG,impala
ASG000e8hg,S4/B05/B05_R2/S4_B05_R2_IMAG0788.JPG,impala
ASG000e8hg,S4/B05/B05_R2/S4_B05_R2_IMAG0789.JPG,impala
ASG000e8h0,S4/B05/B05_R2/S4_B05_R2_IMAG1969.JPG,impala
ASG000e8h0,S4/B05/B05_R2/S4_B05_R2_IMAG1970.JPG,impala
ASG000e8h0,S4/B05/B05_R2/S4_B05_R2_IMAG1971.JPG,impala
ASG000e80h,S4/B05/B05_R2/S4_B05_R2_IMAG2017.JPG,impala
ASG000e80h,S4/B05/B05_R2/S4_B05_R2_IMAG2018.JPG,impala
ASG000e80h,S4/B05/B05_R2/S4_B05_R2_IMAG2019.JPG,impala
ASG000e8jo,S4/B05/B05_R2/S4_B05_R2_IMAG2447.JPG,warthog
ASG000e8jo,S4/B05/B05_R2/S4_B05_R2_IMAG2448.JPG,warthog
ASG000e8jo,S4/B05/B05_R2/S4_B05_R2_IMAG2449.JPG,warthog
ASG000f8y1,S4/B06/B06_R1/S4_B06_R1_IMAG0096.JPG,impala
ASG000f8y1,S4/B06/B06_R1/S4_B06_R1_IMAG0097.JPG,impala
ASG000f8y1,S4/B06/B06_R1/S4_B06_R1_IMAG0098.JPG,impala
ASG000f8zn,S4/B06/B06_R1/S4_B06_R1_IMAG0115.JPG,impala
ASG000f8zn,S4/B06/B06_R1/S4_B06_R1_IMAG0116.JPG,impala
ASG000f8zn,S4/B06/B06_R1/S4_B06_R1_IMAG0117.JPG,impala
ASG000f8y7,S4/B06/B06_R1/S4_B06_R1_IMAG0206.JPG,impala
ASG000f8y7,S4/B06/B06_R1/S4_B06_R1_IMAG0207.JPG,impala
ASG000f8y7,S4/B06/B06_R1/S4_B06_R1_IMAG0208.JPG,impala
ASG000f941,S4/B06/B06_R1/S4_B06_R1_IMAG0554.JPG,zebra
ASG000f8t9,S4/B06/B06_R2/S4_B06_R2_IMAG0083.JPG,impala
ASG000f8i1,S4/B06/B06_R2/S4_B06_R2_IMAG0317.JPG,impala
ASG000f8i1,S4/B06/B06_R2/S4_B06_R2_IMAG0318.JPG,impala
ASG000f8i1,S4/B06/B06_R2/S4_B06_R2_IMAG0319.JPG,impala
ASG000f8sb,S4/B06/B06_R2/S4_B06_R2_IMAG0648.JPG,impala
ASG000f8sb,S4/B06/B06_R2/S4_B06_R2_IMAG0649.JPG,impala
ASG000f8sb,S4/B06/B06_R2/S4_B06_R2_IMAG0650.JPG,impala
ASG000f8ne,S4/B06/B06_R2/S4_B06_R2_IMAG1290.JPG,impala
ASG000f8ne,S4/B06/B06_R2/S4_B06_R2_IMAG1291.JPG,impala
ASG000f8ne,S4/B06/B06_R2/S4_B06_R2_IMAG1292.JPG,impala
ASG000c7q0,S4/B07/B07_R2/S4_B07_R2_IMAG1536.JPG,wildebeest
ASG000c7q0,S4/B07/B07_R2/S4_B07_R2_IMAG1537.JPG,wildebeest
ASG000c7q0,S4/B07/B07_R2/S4_B07_R2_IMAG1538.JPG,wildebeest
ASG000c7bv,S4/B07/B07_R2/S4_B07_R2_IMAG2009.JPG,elephant
ASG000dote,S4/B08/B08_R2/S4_B08_R2_IMAG1445.JPG,wildebeest
ASG000dote,S4/B08/B08_R2/S4_B08_R2_IMAG1446.JPG,wildebeest
ASG000dote,S4/B08/B08_R2/S4_B08_R2_IMAG1447.JPG,wildebeest
ASG000c4gv,S4/B09/B09_R2/S4_B09_R2_IMAG0092.JPG,elephant
ASG000c4gv,S4/B09/B09_R2/S4_B09_R2_IMAG0093.JPG,elephant
ASG000c4gv,S4/B09/B09_R2/S4_B09_R2_IMAG0094.JPG,elephant
ASG000br0u,S4/B10/B10_R1/S4_B10_R1_IMAG0023.JPG,impala
ASG000br0u,S4/B10/B10_R1/S4_B10_R1_IMAG0024.JPG,impala
ASG000br0u,S4/B10/B10_R1/S4_B10_R1_IMAG0025.JPG,impala
ASG000d3xt,S4/B13/B13_R1/S4_B13_R1_IMAG0113.JPG,zebra
ASG000d3xt,S4/B13/B13_R1/S4_B13_R1_IMAG0114.JPG,zebra
ASG000d3xt,S4/B13/B13_R1/S4_B13_R1_IMAG0115.JPG,zebra
ASG000d3rs,S4/B13/B13_R1/S4_B13_R1_IMAG1534.JPG,buffalo
ASG000d3rs,S4/B13/B13_R1/S4_B13_R1_IMAG1535.JPG,buffalo
ASG000d3rs,S4/B13/B13_R1/S4_B13_R1_IMAG1536.JPG,buffalo
ASG000d3t8,S4/B13/B13_R1/S4_B13_R1_IMAG1651.JPG,warthog
ASG000d3t8,S4/B13/B13_R1/S4_B13_R1_IMAG1652.JPG,warthog
ASG000d3t8,S4/B13/B13_R1/S4_B13_R1_IMAG1653.JPG,warthog
ASG000d3mw,S4/B13/B13_R2/S4_B13_R2_IMAG0096.JPG,giraffe
ASG000d3mw,S4/B13/B13_R2/S4_B13_R2_IMAG0097.JPG,giraffe
ASG000d3mw,S4/B13/B13_R2/S4_B13_R2_IMAG0098.JPG,giraffe
ASG000d3lv,S4/B13/B13_R2/S4_B13_R2_IMAG0099.JPG,giraffe
ASG000d3lv,S4/B13/B13_R2/S4_B13_R2_IMAG0100.JPG,giraffe
ASG000d3lv,S4/B13/B13_R2/S4_B13_R2_IMAG0101.JPG,giraffe
ASG000e9jn,S4/C02/C02_R2/S4_C02_R2_IMAG0089.JPG,warthog
ASG000e9jn,S4/C02/C02_R2/S4_C02_R2_IMAG0090.JPG,warthog
ASG000e9jn,S4/C02/C02_R2/S4_C02_R2_IMAG0091.JPG,warthog
ASG000e9lu,S4/C02/C02_R2/S4_C02_R2_IMAG0163.JPG,warthog
ASG000e9lu,S4/C02/C02_R2/S4_C02_R2_IMAG0164.JPG,warthog
ASG000e9lu,S4/C02/C02_R2/S4_C02_R2_IMAG0165.JPG,warthog
ASG000e9f4,S4/C02/C02_R2/S4_C02_R2_IMAG0218.JPG,giraffe
ASG000e9f4,S4/C02/C02_R2/S4_C02_R2_IMAG0219.JPG,giraffe
ASG000e9f4,S4/C02/C02_R2/S4_C02_R2_IMAG0220.JPG,giraffe
ASG000e9jo,S4/C02/C02_R2/S4_C02_R2_IMAG0347.JPG,warthog
ASG000e9jo,S4/C02/C02_R2/S4_C02_R2_IMAG0348.JPG,warthog
ASG000e9jo,S4/C02/C02_R2/S4_C02_R2_IMAG0349.JPG,warthog
ASG000e9f8,S4/C02/C02_R2/S4_C02_R2_IMAG0447.JPG,warthog
ASG000e9f8,S4/C02/C02_R2/S4_C02_R2_IMAG0448.JPG,warthog
ASG000e9f8,S4/C02/C02_R2/S4_C02_R2_IMAG0449.JPG,warthog
ASG000e9i4,S4/C02/C02_R2/S4_C02_R2_IMAG0459.JPG,giraffe
ASG000e9i4,S4/C02/C02_R2/S4_C02_R2_IMAG0460.JPG,giraffe
ASG000e9i4,S4/C02/C02_R2/S4_C02_R2_IMAG0461.JPG,giraffe
ASG000e9es,S4/C02/C02_R2/S4_C02_R2_IMAG0474.JPG,giraffe
ASG000e9es,S4/C02/C02_R2/S4_C02_R2_IMAG0475.JPG,giraffe
ASG000e9es,S4/C02/C02_R2/S4_C02_R2_IMAG0476.JPG,giraffe
ASG000e9fu,S4/C02/C02_R2/S4_C02_R2_IMAG0914.JPG,warthog
ASG000e9fu,S4/C02/C02_R2/S4_C02_R2_IMAG0915.JPG,warthog
ASG000e9fu,S4/C02/C02_R2/S4_C02_R2_IMAG0916.JPG,warthog
ASG000e9iv,S4/C02/C02_R2/S4_C02_R2_IMAG1244.JPG,giraffe
ASG000e9iv,S4/C02/C02_R2/S4_C02_R2_IMAG1245.JPG,giraffe
ASG000e9iv,S4/C02/C02_R2/S4_C02_R2_IMAG1246.JPG,giraffe
ASG000e9ft,S4/C02/C02_R2/S4_C02_R2_IMAG1324.JPG,giraffe
ASG000e9ft,S4/C02/C02_R2/S4_C02_R2_IMAG1325.JPG,giraffe
ASG000e9ft,S4/C02/C02_R2/S4_C02_R2_IMAG1326.JPG,giraffe
ASG000e9lf,S4/C02/C02_R2/S4_C02_R2_IMAG1336.JPG,giraffe
ASG000e9lf,S4/C02/C02_R2/S4_C02_R2_IMAG1337.JPG,giraffe
ASG000e9lf,S4/C02/C02_R2/S4_C02_R2_IMAG1338.JPG,giraffe
ASG000e9w5,S4/C02/C02_R1/S4_C02_R1_IMAG0248.JPG,buffalo
ASG000e9w5,S4/C02/C02_R1/S4_C02_R1_IMAG0249.JPG,buffalo
ASG000e9w5,S4/C02/C02_R1/S4_C02_R1_IMAG0250.JPG,buffalo
ASG000e9z0,S4/C02/C02_R1/S4_C02_R1_IMAG0272.JPG,buffalo
ASG000e9z0,S4/C02/C02_R1/S4_C02_R1_IMAG0273.JPG,buffalo
ASG000e9z0,S4/C02/C02_R1/S4_C02_R1_IMAG0274.JPG,buffalo
ASG000ea3h,S4/C02/C02_R1/S4_C02_R1_IMAG0326.JPG,buffalo
ASG000ea3h,S4/C02/C02_R1/S4_C02_R1_IMAG0327.JPG,buffalo
ASG000ea3h,S4/C02/C02_R1/S4_C02_R1_IMAG0328.JPG,buffalo
ASG000e9uv,S4/C02/C02_R1/S4_C02_R1_IMAG0467.JPG,warthog
ASG000e9uv,S4/C02/C02_R1/S4_C02_R1_IMAG0468.JPG,warthog
ASG000e9uv,S4/C02/C02_R1/S4_C02_R1_IMAG0469.JPG,warthog
ASG000ea54,S4/C02/C02_R1/S4_C02_R1_IMAG2328.JPG,impala
ASG000ea54,S4/C02/C02_R1/S4_C02_R1_IMAG2329.JPG,impala
ASG000ea54,S4/C02/C02_R1/S4_C02_R1_IMAG2330.JPG,impala
ASG000e9x0,S4/C02/C02_R1/S4_C02_R1_IMAG2334.JPG,impala
ASG000e9x0,S4/C02/C02_R1/S4_C02_R1_IMAG2335.JPG,impala
ASG000e9x0,S4/C02/C02_R1/S4_C02_R1_IMAG2336.JPG,impala
ASG000b4yi,S4/C03/C03_R1/S4_C03_R1_IMAG0105.JPG,elephant
ASG000b4yi,S4/C03/C03_R1/S4_C03_R1_IMAG0106.JPG,elephant
ASG000b4yi,S4/C03/C03_R1/S4_C03_R1_IMAG0107.JPG,elephant
ASG000b50u,S4/C03/C03_R1/S4_C03_R1_IMAG0213.JPG,giraffe
ASG000b50u,S4/C03/C03_R1/S4_C03_R1_IMAG0214.JPG,giraffe
ASG000b50u,S4/C03/C03_R1/S4_C03_R1_IMAG0215.JPG,giraffe
ASG000c516,S4/C04/C04_R2/S4_C04_R2_IMAG0097.JPG,elephant
ASG000c516,S4/C04/C04_R2/S4_C04_R2_IMAG0098.JPG,elephant
ASG000c516,S4/C04/C04_R2/S4_C04_R2_IMAG0099.JPG,elephant
ASG000deca,S4/C07/C07_R2/S4_C07_R2_IMAG0075.JPG,zebra
ASG000deca,S4/C07/C07_R2/S4_C07_R2_IMAG0076.JPG,zebra
ASG000deca,S4/C07/C07_R2/S4_C07_R2_IMAG0077.JPG,zebra
ASG000df0m,S4/C07/C07_R2/S4_C07_R2_IMAG0099.JPG,zebra
ASG000df0m,S4/C07/C07_R2/S4_C07_R2_IMAG0100.JPG,zebra
ASG000df0m,S4/C07/C07_R2/S4_C07_R2_IMAG0101.JPG,zebra
ASG000dexz,S4/C07/C07_R2/S4_C07_R2_IMAG1409.JPG,wildebeest
ASG000dexz,S4/C07/C07_R2/S4_C07_R2_IMAG1410.JPG,wildebeest
ASG000dexz,S4/C07/C07_R2/S4_C07_R2_IMAG1411.JPG,wildebeest
ASG000deuh,S4/C07/C07_R2/S4_C07_R2_IMAG2279.JPG,zebra
ASG000e6wt,S4/C08/C08_R2/S4_C08_R2_IMAG0570.JPG,wildebeest
ASG000e6wt,S4/C08/C08_R2/S4_C08_R2_IMAG0571.JPG,wildebeest
ASG000e6wt,S4/C08/C08_R2/S4_C08_R2_IMAG0572.JPG,wildebeest
ASG000b7ey,S4/C09/C09_R3/S4_C09_R3_IMAG2816.JPG,buffalo
ASG000b7ey,S4/C09/C09_R3/S4_C09_R3_IMAG2817.JPG,buffalo
ASG000b7ey,S4/C09/C09_R3/S4_C09_R3_IMAG2818.JPG,buffalo
ASG000bgup,S4/C10/C10_R1/S4_C10_R1_IMAG0013.JPG,warthog
ASG000bgup,S4/C10/C10_R1/S4_C10_R1_IMAG0014.JPG,warthog
ASG000bgup,S4/C10/C10_R1/S4_C10_R1_IMAG0015.JPG,warthog
ASG000bgnq,S4/C10/C10_R1/S4_C10_R1_IMAG0205.JPG,warthog
ASG000bgnq,S4/C10/C10_R1/S4_C10_R1_IMAG0206.JPG,warthog
ASG000bgnq,S4/C10/C10_R1/S4_C10_R1_IMAG0207.JPG,warthog
ASG000bgu0,S4/C10/C10_R1/S4_C10_R1_IMAG0379.JPG,zebra
ASG000bh88,S4/C10/C10_R1/S4_C10_R1_IMAG0502.JPG,zebra
ASG000bh88,S4/C10/C10_R1/S4_C10_R1_IMAG0503.JPG,zebra
ASG000bh88,S4/C10/C10_R1/S4_C10_R1_IMAG0504.JPG,zebra
ASG000bglz,S4/C10/C10_R1/S4_C10_R1_IMAG0505.JPG,zebra
ASG000bglz,S4/C10/C10_R1/S4_C10_R1_IMAG0506.JPG,zebra
ASG000bglz,S4/C10/C10_R1/S4_C10_R1_IMAG0507.JPG,zebra
ASG000bgn1,S4/C10/C10_R1/S4_C10_R1_IMAG1960.JPG,zebra
ASG000bgn1,S4/C10/C10_R1/S4_C10_R1_IMAG1961.JPG,zebra
ASG000bgn1,S4/C10/C10_R1/S4_C10_R1_IMAG1962.JPG,zebra
ASG000bgqg,S4/C10/C10_R1/S4_C10_R1_IMAG2018.JPG,warthog
ASG000bgqg,S4/C10/C10_R1/S4_C10_R1_IMAG2019.JPG,warthog
ASG000bgqg,S4/C10/C10_R1/S4_C10_R1_IMAG2020.JPG,warthog
ASG000bgdj,S4/C10/C10_R3/S4_C10_R3_IMAG1459.JPG,elephant
ASG000bgdj,S4/C10/C10_R3/S4_C10_R3_IMAG1460.JPG,elephant
ASG000bgdj,S4/C10/C10_R3/S4_C10_R3_IMAG1461.JPG,elephant
ASG000bg3m,S4/C10/C10_R3/S4_C10_R3_IMAG2664.JPG,giraffe
ASG000bg3m,S4/C10/C10_R3/S4_C10_R3_IMAG2665.JPG,giraffe
ASG000bg3m,S4/C10/C10_R3/S4_C10_R3_IMAG2666.JPG,giraffe
ASG000f0nq,S4/C12/C12_R1/S4_C12_R1_IMAG0486.JPG,zebra
ASG000f0nq,S4/C12/C12_R1/S4_C12_R1_IMAG0487.JPG,zebra
ASG000f0nq,S4/C12/C12_R1/S4_C12_R1_IMAG0488.JPG,zebra
ASG000f0fe,S4/C12/C12_R1/S4_C12_R1_IMAG2311.JPG,zebra
ASG000f0fe,S4/C12/C12_R1/S4_C12_R1_IMAG2312.JPG,zebra
ASG000f0fe,S4/C12/C12_R1/S4_C12_R1_IMAG2313.JPG,zebra
ASG000cjr8,S4/C13/C13_R1/S4_C13_R1_IMAG0382.JPG,zebra
ASG000cjr8,S4/C13/C13_R1/S4_C13_R1_IMAG0383.JPG,zebra
ASG000cjr8,S4/C13/C13_R1/S4_C13_R1_IMAG0384.JPG,zebra
ASG000cjl4,S4/C13/C13_R1/S4_C13_R1_IMAG1580.JPG,wildebeest
ASG000cjl4,S4/C13/C13_R1/S4_C13_R1_IMAG1581.JPG,wildebeest
ASG000cjl4,S4/C13/C13_R1/S4_C13_R1_IMAG1582.JPG,wildebeest
ASG000cizs,S4/C13/C13_R1/S4_C13_R1_IMAG2931.JPG,wildebeest
ASG000cizs,S4/C13/C13_R1/S4_C13_R1_IMAG2932.JPG,wildebeest
ASG000cizs,S4/C13/C13_R1/S4_C13_R1_IMAG2933.JPG,wildebeest
ASG000ck0l,S4/C13/C13_R1/S4_C13_R1_IMAG3375.JPG,wildebeest
ASG000ck0l,S4/C13/C13_R1/S4_C13_R1_IMAG3376.JPG,wildebeest
ASG000ck0l,S4/C13/C13_R1/S4_C13_R1_IMAG3377.JPG,wildebeest
ASG000cjwl,S4/C13/C13_R1/S4_C13_R1_IMAG3540.JPG,wildebeest
ASG000cjwl,S4/C13/C13_R1/S4_C13_R1_IMAG3541.JPG,wildebeest
ASG000cjwl,S4/C13/C13_R1/S4_C13_R1_IMAG3542.JPG,wildebeest
ASG000cjnq,S4/C13/C13_R1/S4_C13_R1_IMAG3883.JPG,wildebeest
ASG000cjnq,S4/C13/C13_R1/S4_C13_R1_IMAG3884.JPG,wildebeest
ASG000cjnq,S4/C13/C13_R1/S4_C13_R1_IMAG3885.JPG,wildebeest
ASG000cjrz,S4/C13/C13_R1/S4_C13_R1_IMAG4000.JPG,wildebeest
ASG000cjrz,S4/C13/C13_R1/S4_C13_R1_IMAG4001.JPG,wildebeest
ASG000cjrz,S4/C13/C13_R1/S4_C13_R1_IMAG4002.JPG,wildebeest
ASG000cjkc,S4/C13/C13_R1/S4_C13_R1_IMAG4747.JPG,impala
ASG000cjkc,S4/C13/C13_R1/S4_C13_R1_IMAG4748.JPG,impala
ASG000cjkc,S4/C13/C13_R1/S4_C13_R1_IMAG4749.JPG,impala
ASG000cjdf,S4/C13/C13_R1/S4_C13_R1_IMAG5041.JPG,impala
ASG000cjdf,S4/C13/C13_R1/S4_C13_R1_IMAG5042.JPG,impala
ASG000cjdf,S4/C13/C13_R1/S4_C13_R1_IMAG5043.JPG,impala
ASG000cjyd,S4/C13/C13_R1/S4_C13_R1_IMAG5163.JPG,wildebeest
ASG000cjlk,S4/C13/C13_R1/S4_C13_R1_IMAG5967.JPG,giraffe
ASG000cjlk,S4/C13/C13_R1/S4_C13_R1_IMAG5968.JPG,giraffe
ASG000cjlk,S4/C13/C13_R1/S4_C13_R1_IMAG5969.JPG,giraffe
ASG000ck6y,S4/C13/C13_R1/S4_C13_R1_IMAG6087.JPG,zebra
ASG000ck6y,S4/C13/C13_R1/S4_C13_R1_IMAG6088.JPG,zebra
ASG000ck6y,S4/C13/C13_R1/S4_C13_R1_IMAG6089.JPG,zebra
ASG000ciwq,S4/C13/C13_R2/S4_C13_R2_IMAG0253.JPG,impala
ASG000ciwq,S4/C13/C13_R2/S4_C13_R2_IMAG0254.JPG,impala
ASG000ciwq,S4/C13/C13_R2/S4_C13_R2_IMAG0255.JPG,impala
ASG000cim4,S4/C13/C13_R2/S4_C13_R2_IMAG0306.JPG,elephant
ASG000cim4,S4/C13/C13_R2/S4_C13_R2_IMAG0307.JPG,elephant
ASG000cim4,S4/C13/C13_R2/S4_C13_R2_IMAG0308.JPG,elephant
ASG000bc7w,S4/D02/D02_R1/S4_D02_R1_IMAG1124.JPG,buffalo
ASG000bc7w,S4/D02/D02_R1/S4_D02_R1_IMAG1125.JPG,buffalo
ASG000bc7w,S4/D02/D02_R1/S4_D02_R1_IMAG1126.JPG,buffalo
ASG000bchq,S4/D02/D02_R1/S4_D02_R1_IMAG1932.JPG,wildebeest
ASG000bchq,S4/D02/D02_R1/S4_D02_R1_IMAG1933.JPG,wildebeest
ASG000bchq,S4/D02/D02_R1/S4_D02_R1_IMAG1934.JPG,wildebeest
ASG000bc6m,S4/D02/D02_R1/S4_D02_R1_IMAG2277.JPG,wildebeest
ASG000bc6m,S4/D02/D02_R1/S4_D02_R1_IMAG2278.JPG,wildebeest
ASG000bc6m,S4/D02/D02_R1/S4_D02_R1_IMAG2279.JPG,wildebeest
ASG000bc9c,S4/D02/D02_R1/S4_D02_R1_IMAG2590.JPG,elephant
ASG000bcel,S4/D02/D02_R1/S4_D02_R1_IMAG2591.JPG,warthog
ASG000bcel,S4/D02/D02_R1/S4_D02_R1_IMAG2592.JPG,warthog
ASG000bcel,S4/D02/D02_R1/S4_D02_R1_IMAG2593.JPG,warthog
ASG000bbw8,S4/D02/D02_R2/S4_D02_R2_IMAG0183.JPG,warthog
ASG000bbw8,S4/D02/D02_R2/S4_D02_R2_IMAG0184.JPG,warthog
ASG000bbw8,S4/D02/D02_R2/S4_D02_R2_IMAG0185.JPG,warthog
ASG000bbto,S4/D02/D02_R2/S4_D02_R2_IMAG0288.JPG,warthog
ASG000bbto,S4/D02/D02_R2/S4_D02_R2_IMAG0289.JPG,warthog
ASG000bbto,S4/D02/D02_R2/S4_D02_R2_IMAG0290.JPG,warthog
ASG000bbvi,S4/D02/D02_R2/S4_D02_R2_IMAG0319.JPG,warthog
ASG000bbvi,S4/D02/D02_R2/S4_D02_R2_IMAG0320.JPG,warthog
ASG000bbvi,S4/D02/D02_R2/S4_D02_R2_IMAG0321.JPG,warthog
ASG000bbwf,S4/D02/D02_R2/S4_D02_R2_IMAG0352.JPG,warthog
ASG000bbwf,S4/D02/D02_R2/S4_D02_R2_IMAG0353.JPG,warthog
ASG000bbwf,S4/D02/D02_R2/S4_D02_R2_IMAG0354.JPG,warthog
ASG000ebpo,S4/D03/D03_R2/S4_D03_R2_IMAG0136.JPG,giraffe
ASG000ebpo,S4/D03/D03_R2/S4_D03_R2_IMAG0137.JPG,giraffe
ASG000ebpo,S4/D03/D03_R2/S4_D03_R2_IMAG0138.JPG,giraffe
ASG000eblb,S4/D03/D03_R2/S4_D03_R2_IMAG0139.JPG,giraffe
ASG000eblb,S4/D03/D03_R2/S4_D03_R2_IMAG0140.JPG,giraffe
ASG000eblb,S4/D03/D03_R2/S4_D03_R2_IMAG0141.JPG,giraffe
ASG000dimo,S4/D04/D04_R2/S4_D04_R2_IMAG0018.JPG,giraffe
ASG000dimo,S4/D04/D04_R2/S4_D04_R2_IMAG0019.JPG,giraffe
ASG000dimo,S4/D04/D04_R2/S4_D04_R2_IMAG0020.JPG,giraffe
ASG000dim1,S4/D04/D04_R2/S4_D04_R2_IMAG0211.JPG,warthog
ASG000dim1,S4/D04/D04_R2/S4_D04_R2_IMAG0212.JPG,warthog
ASG000dim1,S4/D04/D04_R2/S4_D04_R2_IMAG0213.JPG,warthog
ASG000dire,S4/D04/D04_R2/S4_D04_R2_IMAG0303.JPG,warthog
ASG000dire,S4/D04/D04_R2/S4_D04_R2_IMAG0304.JPG,warthog
ASG000dire,S4/D04/D04_R2/S4_D04_R2_IMAG0305.JPG,warthog
ASG000c1gl,S4/D05/D05_R2/S4_D05_R2_IMAG0272.JPG,warthog
ASG000c1gl,S4/D05/D05_R2/S4_D05_R2_IMAG0273.JPG,warthog
ASG000c1gl,S4/D05/D05_R2/S4_D05_R2_IMAG0274.JPG,warthog
ASG000c1v4,S4/D05/D05_R2/S4_D05_R2_IMAG0284.JPG,elephant
ASG000c1v4,S4/D05/D05_R2/S4_D05_R2_IMAG0285.JPG,elephant
ASG000c1v4,S4/D05/D05_R2/S4_D05_R2_IMAG0286.JPG,elephant
ASG000d56z,S4/D06/D06_R2/S4_D06_R2_IMAG0388.JPG,gazelleThomsons
ASG000d56z,S4/D06/D06_R2/S4_D06_R2_IMAG0389.JPG,gazelleThomsons
ASG000d56z,S4/D06/D06_R2/S4_D06_R2_IMAG0390.JPG,gazelleThomsons
ASG000d56y,S4/D06/D06_R2/S4_D06_R2_IMAG2866.JPG,warthog
ASG000d56y,S4/D06/D06_R2/S4_D06_R2_IMAG2867.JPG,warthog
ASG000d56y,S4/D06/D06_R2/S4_D06_R2_IMAG2868.JPG,warthog
ASG000eiz2,S4/D07/D07_R1/S4_D07_R1_IMAG0016.JPG,elephant
ASG000eiz2,S4/D07/D07_R1/S4_D07_R1_IMAG0017.JPG,elephant
ASG000eiz2,S4/D07/D07_R1/S4_D07_R1_IMAG0018.JPG,elephant
ASG000ej1h,S4/D07/D07_R1/S4_D07_R1_IMAG0067.JPG,elephant
ASG000ej1h,S4/D07/D07_R1/S4_D07_R1_IMAG0068.JPG,elephant
ASG000ej1h,S4/D07/D07_R1/S4_D07_R1_IMAG0069.JPG,elephant
ASG000edqu,S4/D09/D09_R2/S4_D09_R2_IMAG0088.JPG,zebra
ASG000edqu,S4/D09/D09_R2/S4_D09_R2_IMAG0089.JPG,zebra
ASG000edqu,S4/D09/D09_R2/S4_D09_R2_IMAG0090.JPG,zebra
ASG000bi9h,S4/D11/D11_R1/S4_D11_R1_IMAG0095.JPG,giraffe
ASG000bi9h,S4/D11/D11_R1/S4_D11_R1_IMAG0096.JPG,giraffe
ASG000bi9h,S4/D11/D11_R1/S4_D11_R1_IMAG0097.JPG,giraffe
ASG000bioc,S4/D11/D11_R1/S4_D11_R1_IMAG0118.JPG,elephant
ASG000big4,S4/D11/D11_R1/S4_D11_R1_IMAG0378.JPG,wildebeest
ASG000big4,S4/D11/D11_R1/S4_D11_R1_IMAG0379.JPG,wildebeest
ASG000big4,S4/D11/D11_R1/S4_D11_R1_IMAG0380.JPG,wildebeest
ASG000cu3d,S4/D12/D12_R2/S4_D12_R2_IMAG0600.JPG,wildebeest
ASG000cu3d,S4/D12/D12_R2/S4_D12_R2_IMAG0601.JPG,wildebeest
ASG000cu3d,S4/D12/D12_R2/S4_D12_R2_IMAG0602.JPG,wildebeest
ASG000ctx7,S4/D12/D12_R2/S4_D12_R2_IMAG0879.JPG,wildebeest
ASG000ctx7,S4/D12/D12_R2/S4_D12_R2_IMAG0880.JPG,wildebeest
ASG000ctx7,S4/D12/D12_R2/S4_D12_R2_IMAG0881.JPG,wildebeest
ASG000cuoe,S4/D12/D12_R2/S4_D12_R2_IMAG0969.JPG,wildebeest
ASG000f2i1,S4/D13/D13_R2/S4_D13_R2_IMAG0188.JPG,wildebeest
ASG000f2i1,S4/D13/D13_R2/S4_D13_R2_IMAG0189.JPG,wildebeest
ASG000f2i1,S4/D13/D13_R2/S4_D13_R2_IMAG0190.JPG,wildebeest
ASG000f2fh,S4/D13/D13_R2/S4_D13_R2_IMAG0325.JPG,zebra
ASG000f2fh,S4/D13/D13_R2/S4_D13_R2_IMAG0326.JPG,zebra
ASG000f2fh,S4/D13/D13_R2/S4_D13_R2_IMAG0327.JPG,zebra
ASG000d9fi,S4/E01/E01_R1/S4_E01_R1_IMAG0225.JPG,impala
ASG000d91l,S4/E01/E01_R2/S4_E01_R2_IMAG0177.JPG,impala
ASG000d91l,S4/E01/E01_R2/S4_E01_R2_IMAG0178.JPG,impala
ASG000d91l,S4/E01/E01_R2/S4_E01_R2_IMAG0179.JPG,impala
ASG000d8i0,S4/E01/E01_R2/S4_E01_R2_IMAG0264.JPG,impala
ASG000d8i0,S4/E01/E01_R2/S4_E01_R2_IMAG0265.JPG,impala
ASG000d8i0,S4/E01/E01_R2/S4_E01_R2_IMAG0266.JPG,impala
ASG000by7u,S4/E02/E02_R1/S4_E02_R1_IMAG0074.JPG,impala
ASG000by7u,S4/E02/E02_R1/S4_E02_R1_IMAG0075.JPG,impala
ASG000by7u,S4/E02/E02_R1/S4_E02_R1_IMAG0076.JPG,impala
ASG000by2s,S4/E02/E02_R1/S4_E02_R1_IMAG0083.JPG,impala
ASG000by2s,S4/E02/E02_R1/S4_E02_R1_IMAG0084.JPG,impala
ASG000by2s,S4/E02/E02_R1/S4_E02_R1_IMAG0085.JPG,impala
ASG000bxn8,S4/E02/E02_R1/S4_E02_R1_IMAG0204.JPG,impala
ASG000bxn8,S4/E02/E02_R1/S4_E02_R1_IMAG0205.JPG,impala
ASG000bxn8,S4/E02/E02_R1/S4_E02_R1_IMAG0206.JPG,impala
ASG000by6r,S4/E02/E02_R1/S4_E02_R1_IMAG0213.JPG,impala
ASG000by6r,S4/E02/E02_R1/S4_E02_R1_IMAG0214.JPG,impala
ASG000by6r,S4/E02/E02_R1/S4_E02_R1_IMAG0215.JPG,impala
ASG000byd6,S4/E02/E02_R1/S4_E02_R1_IMAG1688.JPG,zebra
ASG000byd6,S4/E02/E02_R1/S4_E02_R1_IMAG1689.JPG,zebra
ASG000byd6,S4/E02/E02_R1/S4_E02_R1_IMAG1690.JPG,zebra
ASG000bxp3,S4/E02/E02_R1/S4_E02_R1_IMAG1754.JPG,zebra
ASG000bxp3,S4/E02/E02_R1/S4_E02_R1_IMAG1755.JPG,zebra
ASG000bxp3,S4/E02/E02_R1/S4_E02_R1_IMAG1756.JPG,zebra
ASG000bxn3,S4/E02/E02_R1/S4_E02_R1_IMAG1781.JPG,zebra
ASG000bxn3,S4/E02/E02_R1/S4_E02_R1_IMAG1782.JPG,zebra
ASG000bxn3,S4/E02/E02_R1/S4_E02_R1_IMAG1783.JPG,zebra
ASG000dk3s,S4/E03/E03_R1/S4_E03_R1_IMAG1195.JPG,buffalo
ASG000dk3s,S4/E03/E03_R1/S4_E03_R1_IMAG1196.JPG,buffalo
ASG000dk3s,S4/E03/E03_R1/S4_E03_R1_IMAG1197.JPG,buffalo
ASG000dj1t,S4/E03/E03_R2/S4_E03_R2_IMAG0748.JPG,giraffe
ASG000dj1t,S4/E03/E03_R2/S4_E03_R2_IMAG0749.JPG,giraffe
ASG000dj1t,S4/E03/E03_R2/S4_E03_R2_IMAG0750.JPG,giraffe
ASG000djrq,S4/E03/E03_R2/S4_E03_R2_IMAG1762.JPG,giraffe
ASG000djrq,S4/E03/E03_R2/S4_E03_R2_IMAG1763.JPG,giraffe
ASG000djrq,S4/E03/E03_R2/S4_E03_R2_IMAG1764.JPG,giraffe
ASG000dj8z,S4/E03/E03_R2/S4_E03_R2_IMAG1934.JPG,giraffe
ASG000dj8z,S4/E03/E03_R2/S4_E03_R2_IMAG1935.JPG,giraffe
ASG000dj8z,S4/E03/E03_R2/S4_E03_R2_IMAG1936.JPG,giraffe
ASG000ee6j,S4/E04/E04_R1/S4_E04_R1_IMAG0045.JPG,warthog
ASG000ee6j,S4/E04/E04_R1/S4_E04_R1_IMAG0046.JPG,warthog
ASG000ee6j,S4/E04/E04_R1/S4_E04_R1_IMAG0047.JPG,warthog
ASG000ee5m,S4/E04/E04_R1/S4_E04_R1_IMAG0200.JPG,warthog
ASG000ee5m,S4/E04/E04_R1/S4_E04_R1_IMAG0201.JPG,warthog
ASG000ee5m,S4/E04/E04_R1/S4_E04_R1_IMAG0202.JPG,warthog
ASG000ee5k,S4/E04/E04_R1/S4_E04_R1_IMAG1019.JPG,giraffe
ASG000ee5k,S4/E04/E04_R1/S4_E04_R1_IMAG1020.JPG,giraffe
ASG000ee5k,S4/E04/E04_R1/S4_E04_R1_IMAG1021.JPG,giraffe
ASG000ef2j,S4/E04/E04_R2/S4_E04_R2_IMAG0294.JPG,giraffe
ASG000ef2j,S4/E04/E04_R2/S4_E04_R2_IMAG0295.JPG,giraffe
ASG000ef2j,S4/E04/E04_R2/S4_E04_R2_IMAG0296.JPG,giraffe
ASG000eepf,S4/E04/E04_R2/S4_E04_R2_IMAG2624.JPG,gazelleGrants
ASG000eepf,S4/E04/E04_R2/S4_E04_R2_IMAG2625.JPG,gazelleGrants
ASG000eepf,S4/E04/E04_R2/S4_E04_R2_IMAG2626.JPG,gazelleGrants
ASG000efc5,S4/E04/E04_R2/S4_E04_R2_IMAG2676.JPG,giraffe
ASG000efc5,S4/E04/E04_R2/S4_E04_R2_IMAG2677.JPG,giraffe
ASG000efc5,S4/E04/E04_R2/S4_E04_R2_IMAG2678.JPG,giraffe
ASG000eesz,S4/E04/E04_R2/S4_E04_R2_IMAG2707.JPG,giraffe
ASG000eesz,S4/E04/E04_R2/S4_E04_R2_IMAG2708.JPG,giraffe
ASG000eesz,S4/E04/E04_R2/S4_E04_R2_IMAG2709.JPG,giraffe
ASG000eez3,S4/E04/E04_R2/S4_E04_R2_IMAG2875.JPG,impala
ASG000eez3,S4/E04/E04_R2/S4_E04_R2_IMAG2876.JPG,impala
ASG000eez3,S4/E04/E04_R2/S4_E04_R2_IMAG2877.JPG,impala
ASG000baxg,S4/E05/E05_R2/S4_E05_R2_IMAG0399.JPG,giraffe
ASG000baxg,S4/E05/E05_R2/S4_E05_R2_IMAG0400.JPG,giraffe
ASG000baxg,S4/E05/E05_R2/S4_E05_R2_IMAG0401.JPG,giraffe
ASG000bbrz,S4/E05/E05_R2/S4_E05_R2_IMAG0402.JPG,giraffe
ASG000bbrz,S4/E05/E05_R2/S4_E05_R2_IMAG0403.JPG,giraffe
ASG000bbrz,S4/E05/E05_R2/S4_E05_R2_IMAG0404.JPG,giraffe
ASG000bbj3,S4/E05/E05_R2/S4_E05_R2_IMAG0790.JPG,giraffe
ASG000bblr,S4/E05/E05_R2/S4_E05_R2_IMAG1472.JPG,giraffe
ASG000bblr,S4/E05/E05_R2/S4_E05_R2_IMAG1473.JPG,giraffe
ASG000bblr,S4/E05/E05_R2/S4_E05_R2_IMAG1474.JPG,giraffe
ASG000cesh,S4/E06/E06_R2/S4_E06_R2_IMAG0528.JPG,elephant
ASG000cesh,S4/E06/E06_R2/S4_E06_R2_IMAG0529.JPG,elephant
ASG000cesh,S4/E06/E06_R2/S4_E06_R2_IMAG0530.JPG,elephant
ASG000ceqw,S4/E06/E06_R2/S4_E06_R2_IMAG0653.JPG,warthog
ASG000ceqw,S4/E06/E06_R2/S4_E06_R2_IMAG0654.JPG,warthog
ASG000ceqw,S4/E06/E06_R2/S4_E06_R2_IMAG0655.JPG,warthog
ASG000c0la,S4/E08/E08_R1/S4_E08_R1_IMAG0450.JPG,giraffe
ASG000c0la,S4/E08/E08_R1/S4_E08_R1_IMAG0451.JPG,giraffe
ASG000c0la,S4/E08/E08_R1/S4_E08_R1_IMAG0452.JPG,giraffe
ASG000duiz,S4/E10/E10_R3/S4_E10_R3_IMAG0022.JPG,warthog
ASG000duiz,S4/E10/E10_R3/S4_E10_R3_IMAG0023.JPG,warthog
ASG000duiz,S4/E10/E10_R3/S4_E10_R3_IMAG0024.JPG,warthog
ASG000borq,S4/E11/E11_R2/S4_E11_R2_IMAG0575.JPG,warthog
ASG000borq,S4/E11/E11_R2/S4_E11_R2_IMAG0576.JPG,warthog
ASG000borq,S4/E11/E11_R2/S4_E11_R2_IMAG0577.JPG,warthog
ASG000bx31,S4/F01/F01_R1/S4_F01_R1_IMAG0017.JPG,warthog
ASG000bx31,S4/F01/F01_R1/S4_F01_R1_IMAG0018.JPG,warthog
ASG000bx31,S4/F01/F01_R1/S4_F01_R1_IMAG0019.JPG,warthog
ASG000bwvw,S4/F01/F01_R1/S4_F01_R1_IMAG0748.JPG,impala
ASG000bwvw,S4/F01/F01_R1/S4_F01_R1_IMAG0749.JPG,impala
ASG000bwvw,S4/F01/F01_R1/S4_F01_R1_IMAG0750.JPG,impala
ASG000bwy4,S4/F01/F01_R1/S4_F01_R1_IMAG0810.JPG,warthog
ASG000bwy4,S4/F01/F01_R1/S4_F01_R1_IMAG0811.JPG,warthog
ASG000bwy4,S4/F01/F01_R1/S4_F01_R1_IMAG0812.JPG,warthog
ASG000bx97,S4/F01/F01_R2/S4_F01_R2_IMAG0176.JPG,giraffe
ASG000bx97,S4/F01/F01_R2/S4_F01_R2_IMAG0177.JPG,giraffe
ASG000bx97,S4/F01/F01_R2/S4_F01_R2_IMAG0178.JPG,giraffe
ASG000bxj3,S4/F01/F01_R2/S4_F01_R2_IMAG0452.JPG,impala
ASG000bxj3,S4/F01/F01_R2/S4_F01_R2_IMAG0453.JPG,impala
ASG000bxj3,S4/F01/F01_R2/S4_F01_R2_IMAG0454.JPG,impala
ASG000bx8h,S4/F01/F01_R2/S4_F01_R2_IMAG0458.JPG,impala
ASG000bx8h,S4/F01/F01_R2/S4_F01_R2_IMAG0459.JPG,impala
ASG000bx8h,S4/F01/F01_R2/S4_F01_R2_IMAG0460.JPG,impala
ASG000bx9p,S4/F01/F01_R2/S4_F01_R2_IMAG0721.JPG,warthog
ASG000bx9p,S4/F01/F01_R2/S4_F01_R2_IMAG0722.JPG,warthog
ASG000bx9p,S4/F01/F01_R2/S4_F01_R2_IMAG0723.JPG,warthog
ASG000bxc6,S4/F01/F01_R2/S4_F01_R2_IMAG0980.JPG,buffalo
ASG000bxc6,S4/F01/F01_R2/S4_F01_R2_IMAG0981.JPG,buffalo
ASG000bxc6,S4/F01/F01_R2/S4_F01_R2_IMAG0982.JPG,buffalo
ASG000elwe,S4/F03/F03_R1/S4_F03_R1_IMAG0096.JPG,giraffe
ASG000els6,S4/F03/F03_R1/S4_F03_R1_IMAG0637.JPG,zebra
ASG000elpc,S4/F03/F03_R2/S4_F03_R2_IMAG0023.JPG,impala
ASG000elpc,S4/F03/F03_R2/S4_F03_R2_IMAG0024.JPG,impala
ASG000elpc,S4/F03/F03_R2/S4_F03_R2_IMAG0025.JPG,impala
ASG000cc33,S4/F05/F05_R2/S4_F05_R2_IMAG0032.JPG,elephant
ASG000cc33,S4/F05/F05_R2/S4_F05_R2_IMAG0033.JPG,elephant
ASG000cc33,S4/F05/F05_R2/S4_F05_R2_IMAG0034.JPG,elephant
ASG000efsb,S4/F07/F07_R1/S4_F07_R1_IMAG0189.JPG,elephant
ASG000efsb,S4/F07/F07_R1/S4_F07_R1_IMAG0190.JPG,elephant
ASG000efsb,S4/F07/F07_R1/S4_F07_R1_IMAG0191.JPG,elephant
ASG000efrw,S4/F07/F07_R1/S4_F07_R1_IMAG0198.JPG,elephant
ASG000efrw,S4/F07/F07_R1/S4_F07_R1_IMAG0199.JPG,elephant
ASG000efrw,S4/F07/F07_R1/S4_F07_R1_IMAG0200.JPG,elephant
ASG000eftp,S4/F07/F07_R1/S4_F07_R1_IMAG0227.JPG,giraffe
ASG000efno,S4/F07/F07_R2/S4_F07_R2_IMAG0312.JPG,elephant
ASG000efno,S4/F07/F07_R2/S4_F07_R2_IMAG0313.JPG,elephant
ASG000efno,S4/F07/F07_R2/S4_F07_R2_IMAG0314.JPG,elephant
ASG000dbds,S4/F08/F08_R2/S4_F08_R2_IMAG0085.JPG,gazelleThomsons
ASG000dbds,S4/F08/F08_R2/S4_F08_R2_IMAG0086.JPG,gazelleThomsons
ASG000dbds,S4/F08/F08_R2/S4_F08_R2_IMAG0087.JPG,gazelleThomsons
ASG000dbns,S4/F08/F08_R2/S4_F08_R2_IMAG0253.JPG,gazelleGrants
ASG000dbns,S4/F08/F08_R2/S4_F08_R2_IMAG0254.JPG,gazelleGrants
ASG000dbns,S4/F08/F08_R2/S4_F08_R2_IMAG0255.JPG,gazelleGrants
ASG000dbau,S4/F08/F08_R2/S4_F08_R2_IMAG0256.JPG,gazelleGrants
ASG000dbau,S4/F08/F08_R2/S4_F08_R2_IMAG0257.JPG,gazelleGrants
ASG000dbau,S4/F08/F08_R2/S4_F08_R2_IMAG0258.JPG,gazelleGrants
ASG000dbiu,S4/F08/F08_R2/S4_F08_R2_IMAG0259.JPG,gazelleGrants
ASG000dbiu,S4/F08/F08_R2/S4_F08_R2_IMAG0260.JPG,gazelleGrants
ASG000dbiu,S4/F08/F08_R2/S4_F08_R2_IMAG0261.JPG,gazelleGrants
ASG000dbl7,S4/F08/F08_R2/S4_F08_R2_IMAG0589.JPG,zebra
ASG000dbl7,S4/F08/F08_R2/S4_F08_R2_IMAG0590.JPG,zebra
ASG000dbl7,S4/F08/F08_R2/S4_F08_R2_IMAG0591.JPG,zebra
ASG000dbmb,S4/F08/F08_R2/S4_F08_R2_IMAG0788.JPG,gazelleGrants
ASG000dbmb,S4/F08/F08_R2/S4_F08_R2_IMAG0789.JPG,gazelleGrants
ASG000dbmb,S4/F08/F08_R2/S4_F08_R2_IMAG0790.JPG,gazelleGrants
ASG000dbj5,S4/F08/F08_R2/S4_F08_R2_IMAG1240.JPG,gazelleGrants
ASG000dbj5,S4/F08/F08_R2/S4_F08_R2_IMAG1241.JPG,gazelleGrants
ASG000dbj5,S4/F08/F08_R2/S4_F08_R2_IMAG1242.JPG,gazelleGrants
ASG000dbez,S4/F08/F08_R2/S4_F08_R2_IMAG1338.JPG,gazelleGrants
ASG000dbez,S4/F08/F08_R2/S4_F08_R2_IMAG1339.JPG,gazelleGrants
ASG000dbez,S4/F08/F08_R2/S4_F08_R2_IMAG1340.JPG,gazelleGrants
ASG000dbes,S4/F08/F08_R2/S4_F08_R2_IMAG1344.JPG,gazelleGrants
ASG000dbes,S4/F08/F08_R2/S4_F08_R2_IMAG1345.JPG,gazelleGrants
ASG000dbes,S4/F08/F08_R2/S4_F08_R2_IMAG1346.JPG,gazelleGrants
ASG000dbi6,S4/F08/F08_R2/S4_F08_R2_IMAG1380.JPG,hartebeest
ASG000dbi6,S4/F08/F08_R2/S4_F08_R2_IMAG1381.JPG,hartebeest
ASG000dbi6,S4/F08/F08_R2/S4_F08_R2_IMAG1382.JPG,hartebeest
ASG000dbey,S4/F08/F08_R2/S4_F08_R2_IMAG1395.JPG,gazelleGrants
ASG000dbey,S4/F08/F08_R2/S4_F08_R2_IMAG1396.JPG,gazelleGrants
ASG000dbey,S4/F08/F08_R2/S4_F08_R2_IMAG1397.JPG,gazelleGrants
ASG000dbi7,S4/F08/F08_R2/S4_F08_R2_IMAG1425.JPG,gazelleGrants
ASG000dbi7,S4/F08/F08_R2/S4_F08_R2_IMAG1426.JPG,gazelleGrants
ASG000dbi7,S4/F08/F08_R2/S4_F08_R2_IMAG1427.JPG,gazelleGrants
ASG000etl8,S4/F10/F10_R1/S4_F10_R1_IMAG0285.JPG,gazelleThomsons
ASG000etl8,S4/F10/F10_R1/S4_F10_R1_IMAG0286.JPG,gazelleThomsons
ASG000etl8,S4/F10/F10_R1/S4_F10_R1_IMAG0287.JPG,gazelleThomsons
ASG000eu3o,S4/F10/F10_R1/S4_F10_R1_IMAG0309.JPG,gazelleThomsons
ASG000eu3o,S4/F10/F10_R1/S4_F10_R1_IMAG0310.JPG,gazelleThomsons
ASG000eu3o,S4/F10/F10_R1/S4_F10_R1_IMAG0311.JPG,gazelleThomsons
ASG000euil,S4/F10/F10_R1/S4_F10_R1_IMAG0342.JPG,gazelleThomsons
ASG000euil,S4/F10/F10_R1/S4_F10_R1_IMAG0343.JPG,gazelleThomsons
ASG000euil,S4/F10/F10_R1/S4_F10_R1_IMAG0344.JPG,gazelleThomsons
ASG000euh4,S4/F10/F10_R1/S4_F10_R1_IMAG0447.JPG,gazelleThomsons
ASG000euh4,S4/F10/F10_R1/S4_F10_R1_IMAG0448.JPG,gazelleThomsons
ASG000euh4,S4/F10/F10_R1/S4_F10_R1_IMAG0449.JPG,gazelleThomsons
ASG000bl62,S4/F12/F12_R1/S4_F12_R1_IMAG0716.JPG,giraffe
ASG000bl62,S4/F12/F12_R1/S4_F12_R1_IMAG0717.JPG,giraffe
ASG000bl62,S4/F12/F12_R1/S4_F12_R1_IMAG0718.JPG,giraffe
ASG000bl43,S4/F12/F12_R1/S4_F12_R1_IMAG0897.JPG,buffalo
ASG000bl43,S4/F12/F12_R1/S4_F12_R1_IMAG0898.JPG,buffalo
ASG000bl43,S4/F12/F12_R1/S4_F12_R1_IMAG0899.JPG,buffalo
ASG000bl5c,S4/F12/F12_R1/S4_F12_R1_IMAG1007.JPG,elephant
ASG000bl5c,S4/F12/F12_R1/S4_F12_R1_IMAG1008.JPG,elephant
ASG000bl5c,S4/F12/F12_R1/S4_F12_R1_IMAG1009.JPG,elephant
ASG000bkwe,S4/F12/F12_R1/S4_F12_R1_IMAG1155.JPG,buffalo
ASG000bl4m,S4/F12/F12_R1/S4_F12_R1_IMAG1163.JPG,buffalo
ASG000bkmd,S4/F12/F12_R1/S4_F12_R1_IMAG1168.JPG,buffalo
ASG000bkpx,S4/F12/F12_R1/S4_F12_R1_IMAG1177.JPG,buffalo
ASG000bl4e,S4/F12/F12_R1/S4_F12_R1_IMAG1853.JPG,buffalo
ASG000bl4e,S4/F12/F12_R1/S4_F12_R1_IMAG1854.JPG,buffalo
ASG000bl4e,S4/F12/F12_R1/S4_F12_R1_IMAG1855.JPG,buffalo
ASG000bkob,S4/F12/F12_R1/S4_F12_R1_IMAG2015.JPG,buffalo
ASG000bkob,S4/F12/F12_R1/S4_F12_R1_IMAG2016.JPG,buffalo
ASG000bkob,S4/F12/F12_R1/S4_F12_R1_IMAG2017.JPG,buffalo
ASG000bkzt,S4/F12/F12_R1/S4_F12_R1_IMAG2267.JPG,buffalo
ASG000bkzt,S4/F12/F12_R1/S4_F12_R1_IMAG2268.JPG,buffalo
ASG000bkzt,S4/F12/F12_R1/S4_F12_R1_IMAG2269.JPG,buffalo
ASG000bkyg,S4/F12/F12_R1/S4_F12_R1_IMAG2479.JPG,buffalo
ASG000bkyg,S4/F12/F12_R1/S4_F12_R1_IMAG2480.JPG,buffalo
ASG000bkyg,S4/F12/F12_R1/S4_F12_R1_IMAG2481.JPG,buffalo
ASG000blap,S4/F12/F12_R2/S4_F12_R2_IMAG0163.JPG,elephant
ASG000blap,S4/F12/F12_R2/S4_F12_R2_IMAG0164.JPG,elephant
ASG000blap,S4/F12/F12_R2/S4_F12_R2_IMAG0165.JPG,elephant
ASG000bljv,S4/F12/F12_R2/S4_F12_R2_IMAG0292.JPG,elephant
ASG000bljv,S4/F12/F12_R2/S4_F12_R2_IMAG0293.JPG,elephant
ASG000bljv,S4/F12/F12_R2/S4_F12_R2_IMAG0294.JPG,elephant
ASG000ds6u,S4/F13/F13_R1/S4_F13_R1_IMAG0255.JPG,hartebeest
ASG000ds6u,S4/F13/F13_R1/S4_F13_R1_IMAG0256.JPG,hartebeest
ASG000ds6u,S4/F13/F13_R1/S4_F13_R1_IMAG0257.JPG,hartebeest
ASG000ds3d,S4/F13/F13_R1/S4_F13_R1_IMAG0282.JPG,zebra
ASG000ds3d,S4/F13/F13_R1/S4_F13_R1_IMAG0283.JPG,zebra
ASG000ds3d,S4/F13/F13_R1/S4_F13_R1_IMAG0284.JPG,zebra
ASG000ds2a,S4/F13/F13_R1/S4_F13_R1_IMAG0314.JPG,buffalo
ASG000ds5c,S4/F13/F13_R1/S4_F13_R1_IMAG0708.JPG,wildebeest
ASG000dsgz,S4/F13/F13_R2/S4_F13_R2_IMAG0023.JPG,zebra
ASG000dsqo,S4/F13/F13_R2/S4_F13_R2_IMAG0798.JPG,wildebeest
ASG000dsqo,S4/F13/F13_R2/S4_F13_R2_IMAG0799.JPG,wildebeest
ASG000dsqo,S4/F13/F13_R2/S4_F13_R2_IMAG0800.JPG,wildebeest
ASG000bcmy,S4/G01/G01_R1/S4_G01_R1_IMAG0032.JPG,elephant
ASG000bcmy,S4/G01/G01_R1/S4_G01_R1_IMAG0033.JPG,elephant
ASG000bcmy,S4/G01/G01_R1/S4_G01_R1_IMAG0034.JPG,elephant
ASG000cea3,S4/G02/G02_R1/S4_G02_R1_IMAG0388.JPG,zebra
ASG000cdw3,S4/G02/G02_R1/S4_G02_R1_IMAG0623.JPG,zebra
ASG000cdw3,S4/G02/G02_R1/S4_G02_R1_IMAG0624.JPG,zebra
ASG000cdw3,S4/G02/G02_R1/S4_G02_R1_IMAG0625.JPG,zebra
ASG000cdt8,S4/G02/G02_R1/S4_G02_R1_IMAG0794.JPG,zebra
ASG000cdt8,S4/G02/G02_R1/S4_G02_R1_IMAG0795.JPG,zebra
ASG000cdt8,S4/G02/G02_R1/S4_G02_R1_IMAG0796.JPG,zebra
ASG000ce0h,S4/G02/G02_R1/S4_G02_R1_IMAG1006.JPG,zebra
ASG000cdrn,S4/G02/G02_R1/S4_G02_R1_IMAG1035.JPG,zebra
ASG000cdrn,S4/G02/G02_R1/S4_G02_R1_IMAG1036.JPG,zebra
ASG000cdrn,S4/G02/G02_R1/S4_G02_R1_IMAG1037.JPG,zebra
ASG000cdy8,S4/G02/G02_R1/S4_G02_R1_IMAG1131.JPG,zebra
ASG000cdy8,S4/G02/G02_R1/S4_G02_R1_IMAG1132.JPG,zebra
ASG000cdy8,S4/G02/G02_R1/S4_G02_R1_IMAG1133.JPG,zebra
ASG000ce5n,S4/G02/G02_R1/S4_G02_R1_IMAG1176.JPG,wildebeest
ASG000ce5n,S4/G02/G02_R1/S4_G02_R1_IMAG1177.JPG,wildebeest
ASG000ce5n,S4/G02/G02_R1/S4_G02_R1_IMAG1178.JPG,wildebeest
ASG000fed5,S4/G03/G03_R2/S4_G03_R2_IMAG0085.JPG,impala
ASG000fed5,S4/G03/G03_R2/S4_G03_R2_IMAG0086.JPG,impala
ASG000fed5,S4/G03/G03_R2/S4_G03_R2_IMAG0087.JPG,impala
ASG000eklu,S4/G04/G04_R1/S4_G04_R1_IMAG0030.JPG,giraffe
ASG000eklu,S4/G04/G04_R1/S4_G04_R1_IMAG0031.JPG,giraffe
ASG000eklu,S4/G04/G04_R1/S4_G04_R1_IMAG0032.JPG,giraffe
ASG000ekcg,S4/G04/G04_R1/S4_G04_R1_IMAG0536.JPG,giraffe
ASG000ekcg,S4/G04/G04_R1/S4_G04_R1_IMAG0537.JPG,giraffe
ASG000ekcg,S4/G04/G04_R1/S4_G04_R1_IMAG0538.JPG,giraffe
ASG000ekjp,S4/G04/G04_R1/S4_G04_R1_IMAG0842.JPG,buffalo
ASG000ekjp,S4/G04/G04_R1/S4_G04_R1_IMAG0843.JPG,buffalo
ASG000ekjp,S4/G04/G04_R1/S4_G04_R1_IMAG0844.JPG,buffalo
ASG000ekdi,S4/G04/G04_R1/S4_G04_R1_IMAG0869.JPG,buffalo
ASG000ekdi,S4/G04/G04_R1/S4_G04_R1_IMAG0870.JPG,buffalo
ASG000ekdi,S4/G04/G04_R1/S4_G04_R1_IMAG0871.JPG,buffalo
ASG000ekgi,S4/G04/G04_R1/S4_G04_R1_IMAG0875.JPG,buffalo
ASG000ekgi,S4/G04/G04_R1/S4_G04_R1_IMAG0876.JPG,buffalo
ASG000ekgi,S4/G04/G04_R1/S4_G04_R1_IMAG0877.JPG,buffalo
ASG000ekj9,S4/G04/G04_R1/S4_G04_R1_IMAG0914.JPG,buffalo
ASG000ekj9,S4/G04/G04_R1/S4_G04_R1_IMAG0915.JPG,buffalo
ASG000ekj9,S4/G04/G04_R1/S4_G04_R1_IMAG0916.JPG,buffalo
ASG000ekqi,S4/G04/G04_R1/S4_G04_R1_IMAG0989.JPG,buffalo
ASG000ekqi,S4/G04/G04_R1/S4_G04_R1_IMAG0990.JPG,buffalo
ASG000ekqi,S4/G04/G04_R1/S4_G04_R1_IMAG0991.JPG,buffalo
ASG000eke6,S4/G04/G04_R1/S4_G04_R1_IMAG1253.JPG,zebra
ASG000eke6,S4/G04/G04_R1/S4_G04_R1_IMAG1254.JPG,zebra
ASG000eke6,S4/G04/G04_R1/S4_G04_R1_IMAG1255.JPG,zebra
ASG000dcbh,S4/G05/G05_R1/S4_G05_R1_IMAG0093.JPG,buffalo
ASG000dcbh,S4/G05/G05_R1/S4_G05_R1_IMAG0094.JPG,buffalo
ASG000dcbh,S4/G05/G05_R1/S4_G05_R1_IMAG0095.JPG,buffalo
ASG000e3ud,S4/G13/G13_R1/S4_G13_R1_IMAG0064.JPG,gazelleGrants
ASG000e3ud,S4/G13/G13_R1/S4_G13_R1_IMAG0065.JPG,gazelleGrants
ASG000e3ud,S4/G13/G13_R1/S4_G13_R1_IMAG0066.JPG,gazelleGrants
ASG000e3yu,S4/G13/G13_R2/S4_G13_R2_IMAG0458.JPG,wildebeest
ASG000e3yu,S4/G13/G13_R2/S4_G13_R2_IMAG0459.JPG,wildebeest
ASG000e3yu,S4/G13/G13_R2/S4_G13_R2_IMAG0460.JPG,wildebeest
ASG000euw6,S4/H01/H01_R2/S4_H01_R2_IMAG0132.JPG,impala
ASG000euw6,S4/H01/H01_R2/S4_H01_R2_IMAG0133.JPG,impala
ASG000euw6,S4/H01/H01_R2/S4_H01_R2_IMAG0134.JPG,impala
ASG000dvq1,S4/H02/H02_R1/S4_H02_R1_IMAG0105.JPG,warthog
ASG000dvq1,S4/H02/H02_R1/S4_H02_R1_IMAG0106.JPG,warthog
ASG000dvq1,S4/H02/H02_R1/S4_H02_R1_IMAG0107.JPG,warthog
ASG000dw8b,S4/H02/H02_R1/S4_H02_R1_IMAG0115.JPG,hartebeest
ASG000dvt7,S4/H02/H02_R1/S4_H02_R1_IMAG1244.JPG,zebra
ASG000dvt7,S4/H02/H02_R1/S4_H02_R1_IMAG1245.JPG,zebra
ASG000dvt7,S4/H02/H02_R1/S4_H02_R1_IMAG1246.JPG,zebra
ASG000dvmr,S4/H02/H02_R2/S4_H02_R2_IMAG0259.JPG,warthog
ASG000dvmr,S4/H02/H02_R2/S4_H02_R2_IMAG0260.JPG,warthog
ASG000dvmr,S4/H02/H02_R2/S4_H02_R2_IMAG0261.JPG,warthog
ASG000bwfw,S4/H03/H03_R2/S4_H03_R2_IMAG0029.JPG,elephant
ASG000bwfw,S4/H03/H03_R2/S4_H03_R2_IMAG0030.JPG,elephant
ASG000bwfw,S4/H03/H03_R2/S4_H03_R2_IMAG0031.JPG,elephant
ASG000bedh,S4/H04/H04_R1/S4_H04_R1_IMAG0627.JPG,wildebeest
ASG000bedh,S4/H04/H04_R1/S4_H04_R1_IMAG0628.JPG,wildebeest
ASG000bedh,S4/H04/H04_R1/S4_H04_R1_IMAG0629.JPG,wildebeest
ASG000be9m,S4/H04/H04_R1/S4_H04_R1_IMAG0717.JPG,giraffe
ASG000be9m,S4/H04/H04_R1/S4_H04_R1_IMAG0718.JPG,giraffe
ASG000be9m,S4/H04/H04_R1/S4_H04_R1_IMAG0719.JPG,giraffe
ASG000be5n,S4/H04/H04_R2/S4_H04_R2_IMAG0100.JPG,zebra
ASG000be5n,S4/H04/H04_R2/S4_H04_R2_IMAG0101.JPG,zebra
ASG000be5n,S4/H04/H04_R2/S4_H04_R2_IMAG0102.JPG,zebra
ASG000be4t,S4/H04/H04_R2/S4_H04_R2_IMAG0124.JPG,buffalo
ASG000be4t,S4/H04/H04_R2/S4_H04_R2_IMAG0125.JPG,buffalo
ASG000be4t,S4/H04/H04_R2/S4_H04_R2_IMAG0126.JPG,buffalo
ASG000be4s,S4/H04/H04_R2/S4_H04_R2_IMAG0234.JPG,buffalo
ASG000be4s,S4/H04/H04_R2/S4_H04_R2_IMAG0235.JPG,buffalo
ASG000be4s,S4/H04/H04_R2/S4_H04_R2_IMAG0236.JPG,buffalo
ASG000dx5k,S4/H05/H05_R1/S4_H05_R1_IMAG0093.JPG,buffalo
ASG000dx5k,S4/H05/H05_R1/S4_H05_R1_IMAG0094.JPG,buffalo
ASG000dx5k,S4/H05/H05_R1/S4_H05_R1_IMAG0095.JPG,buffalo
ASG000f0vx,S4/H06/H06_R1/S4_H06_R1_IMAG0076.JPG,buffalo
ASG000f0vx,S4/H06/H06_R1/S4_H06_R1_IMAG0077.JPG,buffalo
ASG000f0vx,S4/H06/H06_R1/S4_H06_R1_IMAG0078.JPG,buffalo
ASG000f0tv,S4/H06/H06_R2/S4_H06_R2_IMAG0151.JPG,warthog
ASG000f0tv,S4/H06/H06_R2/S4_H06_R2_IMAG0152.JPG,warthog
ASG000f0tv,S4/H06/H06_R2/S4_H06_R2_IMAG0153.JPG,warthog
ASG000f0so,S4/H06/H06_R2/S4_H06_R2_IMAG0218.JPG,warthog
ASG000f0so,S4/H06/H06_R2/S4_H06_R2_IMAG0219.JPG,warthog
ASG000f0so,S4/H06/H06_R2/S4_H06_R2_IMAG0220.JPG,warthog
ASG000cqej,S4/H07/H07_R1/S4_H07_R1_IMAG0049.JPG,buffalo
ASG000cqej,S4/H07/H07_R1/S4_H07_R1_IMAG0050.JPG,buffalo
ASG000cqej,S4/H07/H07_R1/S4_H07_R1_IMAG0051.JPG,buffalo
ASG000cqlo,S4/H07/H07_R1/S4_H07_R1_IMAG0097.JPG,buffalo
ASG000cqlo,S4/H07/H07_R1/S4_H07_R1_IMAG0098.JPG,buffalo
ASG000cqlo,S4/H07/H07_R1/S4_H07_R1_IMAG0099.JPG,buffalo
ASG000cqj2,S4/H07/H07_R1/S4_H07_R1_IMAG0537.JPG,hartebeest
ASG000cqj2,S4/H07/H07_R1/S4_H07_R1_IMAG0538.JPG,hartebeest
ASG000cqj2,S4/H07/H07_R1/S4_H07_R1_IMAG0539.JPG,hartebeest
ASG000cq2q,S4/H07/H07_R1/S4_H07_R1_IMAG0561.JPG,hartebeest
ASG000cq2q,S4/H07/H07_R1/S4_H07_R1_IMAG0562.JPG,hartebeest
ASG000cq2q,S4/H07/H07_R1/S4_H07_R1_IMAG0563.JPG,hartebeest
ASG000cqks,S4/H07/H07_R1/S4_H07_R1_IMAG0702.JPG,hartebeest
ASG000cqks,S4/H07/H07_R1/S4_H07_R1_IMAG0703.JPG,hartebeest
ASG000cqks,S4/H07/H07_R1/S4_H07_R1_IMAG0704.JPG,hartebeest
ASG000cpzl,S4/H07/H07_R1/S4_H07_R1_IMAG0723.JPG,hartebeest
ASG000cpzl,S4/H07/H07_R1/S4_H07_R1_IMAG0724.JPG,hartebeest
ASG000cpzl,S4/H07/H07_R1/S4_H07_R1_IMAG0725.JPG,hartebeest
ASG000cpjs,S4/H07/H07_R1/S4_H07_R1_IMAG1062.JPG,hartebeest
ASG000cpjs,S4/H07/H07_R1/S4_H07_R1_IMAG1063.JPG,hartebeest
ASG000cpjs,S4/H07/H07_R1/S4_H07_R1_IMAG1064.JPG,hartebeest
ASG000cq1j,S4/H07/H07_R1/S4_H07_R1_IMAG1095.JPG,hartebeest
ASG000cq1j,S4/H07/H07_R1/S4_H07_R1_IMAG1096.JPG,hartebeest
ASG000cq1j,S4/H07/H07_R1/S4_H07_R1_IMAG1097.JPG,hartebeest
ASG000cq8y,S4/H07/H07_R1/S4_H07_R1_IMAG1455.JPG,hartebeest
ASG000cq8y,S4/H07/H07_R1/S4_H07_R1_IMAG1456.JPG,hartebeest
ASG000cq8y,S4/H07/H07_R1/S4_H07_R1_IMAG1457.JPG,hartebeest
ASG000cpm9,S4/H07/H07_R1/S4_H07_R1_IMAG1524.JPG,hartebeest
ASG000cpm9,S4/H07/H07_R1/S4_H07_R1_IMAG1525.JPG,hartebeest
ASG000cpm9,S4/H07/H07_R1/S4_H07_R1_IMAG1526.JPG,hartebeest
ASG000cqnq,S4/H07/H07_R1/S4_H07_R1_IMAG1749.JPG,hartebeest
ASG000cqnq,S4/H07/H07_R1/S4_H07_R1_IMAG1750.JPG,hartebeest
ASG000cqnq,S4/H07/H07_R1/S4_H07_R1_IMAG1751.JPG,hartebeest
ASG000cprq,S4/H07/H07_R1/S4_H07_R1_IMAG1929.JPG,hartebeest
ASG000cprq,S4/H07/H07_R1/S4_H07_R1_IMAG1930.JPG,hartebeest
ASG000cprq,S4/H07/H07_R1/S4_H07_R1_IMAG1931.JPG,hartebeest
ASG000cppb,S4/H07/H07_R1/S4_H07_R1_IMAG2335.JPG,hartebeest
ASG000cppb,S4/H07/H07_R1/S4_H07_R1_IMAG2336.JPG,hartebeest
ASG000cppb,S4/H07/H07_R1/S4_H07_R1_IMAG2337.JPG,hartebeest
ASG000cq52,S4/H07/H07_R1/S4_H07_R1_IMAG2650.JPG,hartebeest
ASG000cq52,S4/H07/H07_R1/S4_H07_R1_IMAG2651.JPG,hartebeest
ASG000cq52,S4/H07/H07_R1/S4_H07_R1_IMAG2652.JPG,hartebeest
ASG000cq3p,S4/H07/H07_R1/S4_H07_R1_IMAG3551.JPG,hartebeest
ASG000cq3p,S4/H07/H07_R1/S4_H07_R1_IMAG3552.JPG,hartebeest
ASG000cq3p,S4/H07/H07_R1/S4_H07_R1_IMAG3553.JPG,hartebeest
ASG000cq09,S4/H07/H07_R1/S4_H07_R1_IMAG3767.JPG,hartebeest
ASG000cq09,S4/H07/H07_R1/S4_H07_R1_IMAG3768.JPG,hartebeest
ASG000cq09,S4/H07/H07_R1/S4_H07_R1_IMAG3769.JPG,hartebeest
ASG000cqes,S4/H07/H07_R1/S4_H07_R1_IMAG3809.JPG,hartebeest
ASG000cqes,S4/H07/H07_R1/S4_H07_R1_IMAG3810.JPG,hartebeest
ASG000cqes,S4/H07/H07_R1/S4_H07_R1_IMAG3811.JPG,hartebeest
ASG000coqk,S4/H07/H07_R2/S4_H07_R2_IMAG0203.JPG,hartebeest
ASG000coqk,S4/H07/H07_R2/S4_H07_R2_IMAG0204.JPG,hartebeest
ASG000coqk,S4/H07/H07_R2/S4_H07_R2_IMAG0205.JPG,hartebeest
ASG000cp0h,S4/H07/H07_R2/S4_H07_R2_IMAG0209.JPG,hartebeest
ASG000cp0h,S4/H07/H07_R2/S4_H07_R2_IMAG0210.JPG,hartebeest
ASG000cp0h,S4/H07/H07_R2/S4_H07_R2_IMAG0211.JPG,hartebeest
ASG000cpao,S4/H07/H07_R2/S4_H07_R2_IMAG0437.JPG,hartebeest
ASG000cpao,S4/H07/H07_R2/S4_H07_R2_IMAG0438.JPG,hartebeest
ASG000cpao,S4/H07/H07_R2/S4_H07_R2_IMAG0439.JPG,hartebeest
ASG000cokv,S4/H07/H07_R2/S4_H07_R2_IMAG0731.JPG,hartebeest
ASG000cokv,S4/H07/H07_R2/S4_H07_R2_IMAG0732.JPG,hartebeest
ASG000cokv,S4/H07/H07_R2/S4_H07_R2_IMAG0733.JPG,hartebeest
ASG000cp4q,S4/H07/H07_R2/S4_H07_R2_IMAG0869.JPG,hartebeest
ASG000cp4q,S4/H07/H07_R2/S4_H07_R2_IMAG0870.JPG,hartebeest
ASG000cp4q,S4/H07/H07_R2/S4_H07_R2_IMAG0871.JPG,hartebeest
ASG000coqf,S4/H07/H07_R2/S4_H07_R2_IMAG0887.JPG,hartebeest
ASG000coqf,S4/H07/H07_R2/S4_H07_R2_IMAG0888.JPG,hartebeest
ASG000coqf,S4/H07/H07_R2/S4_H07_R2_IMAG0889.JPG,hartebeest
ASG000co7q,S4/H07/H07_R2/S4_H07_R2_IMAG0920.JPG,hartebeest
ASG000co7q,S4/H07/H07_R2/S4_H07_R2_IMAG0921.JPG,hartebeest
ASG000co7q,S4/H07/H07_R2/S4_H07_R2_IMAG0922.JPG,hartebeest
ASG000cokk,S4/H07/H07_R2/S4_H07_R2_IMAG1265.JPG,hartebeest
ASG000cokk,S4/H07/H07_R2/S4_H07_R2_IMAG1266.JPG,hartebeest
ASG000cokk,S4/H07/H07_R2/S4_H07_R2_IMAG1267.JPG,hartebeest
ASG000covc,S4/H07/H07_R2/S4_H07_R2_IMAG1394.JPG,hartebeest
ASG000covc,S4/H07/H07_R2/S4_H07_R2_IMAG1395.JPG,hartebeest
ASG000covc,S4/H07/H07_R2/S4_H07_R2_IMAG1396.JPG,hartebeest
ASG000cnxi,S4/H07/H07_R2/S4_H07_R2_IMAG2367.JPG,hartebeest
ASG000cnxi,S4/H07/H07_R2/S4_H07_R2_IMAG2368.JPG,hartebeest
ASG000cnxi,S4/H07/H07_R2/S4_H07_R2_IMAG2369.JPG,hartebeest
ASG000cow1,S4/H07/H07_R2/S4_H07_R2_IMAG2601.JPG,hartebeest
ASG000cow1,S4/H07/H07_R2/S4_H07_R2_IMAG2602.JPG,hartebeest
ASG000cow1,S4/H07/H07_R2/S4_H07_R2_IMAG2603.JPG,hartebeest
ASG000cp04,S4/H07/H07_R2/S4_H07_R2_IMAG2982.JPG,gazelleGrants
ASG000cp04,S4/H07/H07_R2/S4_H07_R2_IMAG2983.JPG,gazelleGrants
ASG000cp04,S4/H07/H07_R2/S4_H07_R2_IMAG2984.JPG,gazelleGrants
ASG000cobm,S4/H07/H07_R2/S4_H07_R2_IMAG3577.JPG,hartebeest
ASG000cobm,S4/H07/H07_R2/S4_H07_R2_IMAG3578.JPG,hartebeest
ASG000cobm,S4/H07/H07_R2/S4_H07_R2_IMAG3579.JPG,hartebeest
ASG000cp5i,S4/H07/H07_R2/S4_H07_R2_IMAG3607.JPG,hartebeest
ASG000cp5i,S4/H07/H07_R2/S4_H07_R2_IMAG3608.JPG,hartebeest
ASG000cp5i,S4/H07/H07_R2/S4_H07_R2_IMAG3609.JPG,hartebeest
ASG000coew,S4/H07/H07_R2/S4_H07_R2_IMAG3667.JPG,hartebeest
ASG000coew,S4/H07/H07_R2/S4_H07_R2_IMAG3668.JPG,hartebeest
ASG000coew,S4/H07/H07_R2/S4_H07_R2_IMAG3669.JPG,hartebeest
ASG000com6,S4/H07/H07_R2/S4_H07_R2_IMAG4312.JPG,hartebeest
ASG000com6,S4/H07/H07_R2/S4_H07_R2_IMAG4313.JPG,hartebeest
ASG000com6,S4/H07/H07_R2/S4_H07_R2_IMAG4314.JPG,hartebeest
ASG000cnxw,S4/H07/H07_R2/S4_H07_R2_IMAG4407.JPG,hartebeest
ASG000cnxw,S4/H07/H07_R2/S4_H07_R2_IMAG4408.JPG,hartebeest
ASG000cnxw,S4/H07/H07_R2/S4_H07_R2_IMAG4409.JPG,hartebeest
ASG000cp5e,S4/H07/H07_R2/S4_H07_R2_IMAG4512.JPG,hartebeest
ASG000cp5e,S4/H07/H07_R2/S4_H07_R2_IMAG4513.JPG,hartebeest
ASG000cp5e,S4/H07/H07_R2/S4_H07_R2_IMAG4514.JPG,hartebeest
ASG000cob6,S4/H07/H07_R2/S4_H07_R2_IMAG5044.JPG,gazelleGrants
ASG000cob6,S4/H07/H07_R2/S4_H07_R2_IMAG5045.JPG,gazelleGrants
ASG000cob6,S4/H07/H07_R2/S4_H07_R2_IMAG5046.JPG,gazelleGrants
ASG000coi9,S4/H07/H07_R2/S4_H07_R2_IMAG5059.JPG,hartebeest
ASG000coi9,S4/H07/H07_R2/S4_H07_R2_IMAG5060.JPG,hartebeest
ASG000coi9,S4/H07/H07_R2/S4_H07_R2_IMAG5061.JPG,hartebeest
ASG000cp3h,S4/H07/H07_R2/S4_H07_R2_IMAG5448.JPG,wildebeest
ASG000btik,S4/H09/H09_R1/S4_H09_R1_IMAG0113.JPG,impala
ASG000btik,S4/H09/H09_R1/S4_H09_R1_IMAG0114.JPG,impala
ASG000btik,S4/H09/H09_R1/S4_H09_R1_IMAG0115.JPG,impala
ASG000f0sc,S4/I01/I01_R1/S4_I01_R1_IMAG0226.JPG,warthog
ASG000f0sc,S4/I01/I01_R1/S4_I01_R1_IMAG0227.JPG,warthog
ASG000f0sc,S4/I01/I01_R1/S4_I01_R1_IMAG0228.JPG,warthog
ASG000dyui,S4/I02/I02_R1/S4_I02_R1_IMAG0020.JPG,giraffe
ASG000dywy,S4/I02/I02_R2/S4_I02_R2_IMAG0291.JPG,warthog
ASG000dywy,S4/I02/I02_R2/S4_I02_R2_IMAG0292.JPG,warthog
ASG000dywy,S4/I02/I02_R2/S4_I02_R2_IMAG0293.JPG,warthog
ASG000bdyh,S4/I03/I03_R1/S4_I03_R1_IMAG0175.JPG,buffalo
ASG000bdyh,S4/I03/I03_R1/S4_I03_R1_IMAG0176.JPG,buffalo
ASG000bdyh,S4/I03/I03_R1/S4_I03_R1_IMAG0177.JPG,buffalo
ASG000be04,S4/I03/I03_R1/S4_I03_R1_IMAG0235.JPG,buffalo
ASG000be04,S4/I03/I03_R1/S4_I03_R1_IMAG0236.JPG,buffalo
ASG000be04,S4/I03/I03_R1/S4_I03_R1_IMAG0237.JPG,buffalo
ASG000bdyk,S4/I03/I03_R1/S4_I03_R1_IMAG0265.JPG,buffalo
ASG000bdyk,S4/I03/I03_R1/S4_I03_R1_IMAG0266.JPG,buffalo
ASG000bdyk,S4/I03/I03_R1/S4_I03_R1_IMAG0267.JPG,buffalo
ASG000bdwi,S4/I03/I03_R1/S4_I03_R1_IMAG0401.JPG,gazelleGrants
ASG000bdwi,S4/I03/I03_R1/S4_I03_R1_IMAG0402.JPG,gazelleGrants
ASG000bdwi,S4/I03/I03_R1/S4_I03_R1_IMAG0403.JPG,gazelleGrants
ASG000bdy0,S4/I03/I03_R1/S4_I03_R1_IMAG0787.JPG,zebra
ASG000euqc,S4/I06/I06_R2/S4_I06_R2_IMAG0115.JPG,wildebeest
ASG000euqc,S4/I06/I06_R2/S4_I06_R2_IMAG0116.JPG,wildebeest
ASG000euqc,S4/I06/I06_R2/S4_I06_R2_IMAG0117.JPG,wildebeest
ASG000d07o,S4/I07/I07_R1/S4_I07_R1_IMAG2174.JPG,warthog
ASG000d07o,S4/I07/I07_R1/S4_I07_R1_IMAG2175.JPG,warthog
ASG000d07o,S4/I07/I07_R1/S4_I07_R1_IMAG2176.JPG,warthog
ASG000czo6,S4/I07/I07_R1/S4_I07_R1_IMAG3440.JPG,elephant
ASG000czo6,S4/I07/I07_R1/S4_I07_R1_IMAG3441.JPG,elephant
ASG000czo6,S4/I07/I07_R1/S4_I07_R1_IMAG3442.JPG,elephant
ASG000d0w6,S4/I07/I07_R1/S4_I07_R1_IMAG3446.JPG,elephant
ASG000d0w6,S4/I07/I07_R1/S4_I07_R1_IMAG3447.JPG,elephant
ASG000d0w6,S4/I07/I07_R1/S4_I07_R1_IMAG3448.JPG,elephant
ASG000d0ok,S4/I07/I07_R1/S4_I07_R1_IMAG4232.JPG,elephant
ASG000d0ok,S4/I07/I07_R1/S4_I07_R1_IMAG4233.JPG,elephant
ASG000d0ok,S4/I07/I07_R1/S4_I07_R1_IMAG4234.JPG,elephant
ASG000dwb3,S4/I08/I08_R2/S4_I08_R2_IMAG0129.JPG,hartebeest
ASG000dwb3,S4/I08/I08_R2/S4_I08_R2_IMAG0130.JPG,hartebeest
ASG000dwb3,S4/I08/I08_R2/S4_I08_R2_IMAG0131.JPG,hartebeest
ASG000dwh0,S4/I08/I08_R2/S4_I08_R2_IMAG0150.JPG,hartebeest
ASG000dwh0,S4/I08/I08_R2/S4_I08_R2_IMAG0151.JPG,hartebeest
ASG000dwh0,S4/I08/I08_R2/S4_I08_R2_IMAG0152.JPG,hartebeest
ASG000b4c2,S4/I10/I10_R2/S4_I10_R2_IMAG4246.JPG,elephant
ASG000b4c2,S4/I10/I10_R2/S4_I10_R2_IMAG4247.JPG,elephant
ASG000b4c2,S4/I10/I10_R2/S4_I10_R2_IMAG4248.JPG,elephant
ASG000e5xx,S4/I11/I11_R2/S4_I11_R2_IMAG0007.JPG,elephant
ASG000e5rn,S4/I11/I11_R2/S4_I11_R2_IMAG0010.JPG,elephant
ASG000fc4y,S4/I12/I12_R1/S4_I12_R1_IMAG0050.JPG,elephant
ASG000fc1r,S4/I12/I12_R1/S4_I12_R1_IMAG0274.JPG,elephant
ASG000fc1r,S4/I12/I12_R1/S4_I12_R1_IMAG0275.JPG,elephant
ASG000fc1r,S4/I12/I12_R1/S4_I12_R1_IMAG0276.JPG,elephant
ASG000fc1e,S4/I12/I12_R1/S4_I12_R1_IMAG0295.JPG,elephant
ASG000fc1e,S4/I12/I12_R1/S4_I12_R1_IMAG0296.JPG,elephant
ASG000fc1e,S4/I12/I12_R1/S4_I12_R1_IMAG0297.JPG,elephant
ASG000fbrh,S4/I12/I12_R1/S4_I12_R1_IMAG0556.JPG,elephant
ASG000fbrh,S4/I12/I12_R1/S4_I12_R1_IMAG0557.JPG,elephant
ASG000fbrh,S4/I12/I12_R1/S4_I12_R1_IMAG0558.JPG,elephant
ASG000c9ay,S4/I13/I13_R1/S4_I13_R1_IMAG0523.JPG,warthog
ASG000c9ay,S4/I13/I13_R1/S4_I13_R1_IMAG0524.JPG,warthog
ASG000c9ay,S4/I13/I13_R1/S4_I13_R1_IMAG0525.JPG,warthog
ASG000c96r,S4/I13/I13_R1/S4_I13_R1_IMAG0649.JPG,zebra
ASG000c96r,S4/I13/I13_R1/S4_I13_R1_IMAG0650.JPG,zebra
ASG000c96r,S4/I13/I13_R1/S4_I13_R1_IMAG0651.JPG,zebra
ASG000dz1l,S4/J01/J01_R1/S4_J01_R1_IMAG0018.JPG,warthog
ASG000dz1l,S4/J01/J01_R1/S4_J01_R1_IMAG0019.JPG,warthog
ASG000dz1l,S4/J01/J01_R1/S4_J01_R1_IMAG0020.JPG,warthog
ASG000dz32,S4/J01/J01_R1/S4_J01_R1_IMAG0090.JPG,impala
ASG000dz32,S4/J01/J01_R1/S4_J01_R1_IMAG0091.JPG,impala
ASG000dz32,S4/J01/J01_R1/S4_J01_R1_IMAG0092.JPG,impala
ASG000dz36,S4/J01/J01_R1/S4_J01_R1_IMAG0093.JPG,impala
ASG000dz36,S4/J01/J01_R1/S4_J01_R1_IMAG0094.JPG,impala
ASG000dz36,S4/J01/J01_R1/S4_J01_R1_IMAG0095.JPG,impala
ASG000dz17,S4/J01/J01_R1/S4_J01_R1_IMAG0339.JPG,impala
ASG000dz17,S4/J01/J01_R1/S4_J01_R1_IMAG0340.JPG,impala
ASG000dz17,S4/J01/J01_R1/S4_J01_R1_IMAG0341.JPG,impala
ASG000dz72,S4/J01/J01_R1/S4_J01_R1_IMAG0348.JPG,impala
ASG000dz72,S4/J01/J01_R1/S4_J01_R1_IMAG0349.JPG,impala
ASG000dz72,S4/J01/J01_R1/S4_J01_R1_IMAG0350.JPG,impala
ASG000exwo,S4/J02/J02_R1/S4_J02_R1_IMAG1290.JPG,impala
ASG000exwo,S4/J02/J02_R1/S4_J02_R1_IMAG1291.JPG,impala
ASG000exwo,S4/J02/J02_R1/S4_J02_R1_IMAG1292.JPG,impala
ASG000cmno,S4/J03/J03_R1/S4_J03_R1_IMAG0357.JPG,warthog
ASG000cmno,S4/J03/J03_R1/S4_J03_R1_IMAG0358.JPG,warthog
ASG000cmno,S4/J03/J03_R1/S4_J03_R1_IMAG0359.JPG,warthog
ASG000cmr7,S4/J03/J03_R1/S4_J03_R1_IMAG0642.JPG,buffalo
ASG000cmr7,S4/J03/J03_R1/S4_J03_R1_IMAG0643.JPG,buffalo
ASG000cmr7,S4/J03/J03_R1/S4_J03_R1_IMAG0644.JPG,buffalo
ASG000cman,S4/J03/J03_R1/S4_J03_R1_IMAG0689.JPG,buffalo
ASG000cman,S4/J03/J03_R1/S4_J03_R1_IMAG0690.JPG,buffalo
ASG000cman,S4/J03/J03_R1/S4_J03_R1_IMAG0691.JPG,buffalo
ASG000cm93,S4/J03/J03_R1/S4_J03_R1_IMAG0786.JPG,buffalo
ASG000cm93,S4/J03/J03_R1/S4_J03_R1_IMAG0787.JPG,buffalo
ASG000cm93,S4/J03/J03_R1/S4_J03_R1_IMAG0788.JPG,buffalo
ASG000cmbd,S4/J03/J03_R1/S4_J03_R1_IMAG1861.JPG,buffalo
ASG000cmbd,S4/J03/J03_R1/S4_J03_R1_IMAG1862.JPG,buffalo
ASG000cmbd,S4/J03/J03_R1/S4_J03_R1_IMAG1863.JPG,buffalo
ASG000cm32,S4/J03/J03_R2/S4_J03_R2_IMAG0752.JPG,gazelleGrants
ASG000cm32,S4/J03/J03_R2/S4_J03_R2_IMAG0753.JPG,gazelleGrants
ASG000cm32,S4/J03/J03_R2/S4_J03_R2_IMAG0754.JPG,gazelleGrants
ASG000cljc,S4/J03/J03_R2/S4_J03_R2_IMAG0922.JPG,giraffe
ASG000cljc,S4/J03/J03_R2/S4_J03_R2_IMAG0923.JPG,giraffe
ASG000cljc,S4/J03/J03_R2/S4_J03_R2_IMAG0924.JPG,giraffe
ASG000cm06,S4/J03/J03_R2/S4_J03_R2_IMAG0928.JPG,hartebeest
ASG000cm06,S4/J03/J03_R2/S4_J03_R2_IMAG0929.JPG,hartebeest
ASG000cm06,S4/J03/J03_R2/S4_J03_R2_IMAG0930.JPG,hartebeest
ASG000clqp,S4/J03/J03_R2/S4_J03_R2_IMAG1490.JPG,warthog
ASG000clqp,S4/J03/J03_R2/S4_J03_R2_IMAG1491.JPG,warthog
ASG000clqp,S4/J03/J03_R2/S4_J03_R2_IMAG1492.JPG,warthog
ASG000d2xl,S4/J04/J04_R2/S4_J04_R2_IMAG0386.JPG,wildebeest
ASG000d2xl,S4/J04/J04_R2/S4_J04_R2_IMAG0387.JPG,wildebeest
ASG000d2xl,S4/J04/J04_R2/S4_J04_R2_IMAG0388.JPG,wildebeest
ASG000d31j,S4/J04/J04_R2/S4_J04_R2_IMAG0404.JPG,wildebeest
ASG000d31j,S4/J04/J04_R2/S4_J04_R2_IMAG0405.JPG,wildebeest
ASG000d31j,S4/J04/J04_R2/S4_J04_R2_IMAG0406.JPG,wildebeest
ASG000ewmj,S4/J05/J05_R1/S4_J05_R1_IMAG0131.JPG,giraffe
ASG000ewmj,S4/J05/J05_R1/S4_J05_R1_IMAG0132.JPG,giraffe
ASG000ewmj,S4/J05/J05_R1/S4_J05_R1_IMAG0133.JPG,giraffe
ASG000ewqe,S4/J05/J05_R1/S4_J05_R1_IMAG0233.JPG,gazelleGrants
ASG000ewqe,S4/J05/J05_R1/S4_J05_R1_IMAG0234.JPG,gazelleGrants
ASG000ewqe,S4/J05/J05_R1/S4_J05_R1_IMAG0235.JPG,gazelleGrants
ASG000ewrj,S4/J05/J05_R1/S4_J05_R1_IMAG0272.JPG,gazelleGrants
ASG000ewrj,S4/J05/J05_R1/S4_J05_R1_IMAG0273.JPG,gazelleGrants
ASG000ewrj,S4/J05/J05_R1/S4_J05_R1_IMAG0274.JPG,gazelleGrants
ASG000ewlf,S4/J05/J05_R1/S4_J05_R1_IMAG1561.JPG,warthog
ASG000ewlf,S4/J05/J05_R1/S4_J05_R1_IMAG1562.JPG,warthog
ASG000ewlf,S4/J05/J05_R1/S4_J05_R1_IMAG1563.JPG,warthog
ASG000ewrs,S4/J05/J05_R1/S4_J05_R1_IMAG1564.JPG,giraffe
ASG000ewiz,S4/J05/J05_R1/S4_J05_R1_IMAG1571.JPG,gazelleGrants
ASG000ewob,S4/J05/J05_R1/S4_J05_R1_IMAG1572.JPG,elephant
ASG000ewob,S4/J05/J05_R1/S4_J05_R1_IMAG1573.JPG,elephant
ASG000ewob,S4/J05/J05_R1/S4_J05_R1_IMAG1574.JPG,elephant
ASG000ewe7,S4/J05/J05_R1/S4_J05_R1_IMAG1713.JPG,buffalo
ASG000ewe7,S4/J05/J05_R1/S4_J05_R1_IMAG1714.JPG,buffalo
ASG000ewe7,S4/J05/J05_R1/S4_J05_R1_IMAG1715.JPG,buffalo
ASG000c8z6,S4/J10/J10_R1/S4_J10_R1_IMAG0650.JPG,buffalo
ASG000c8z6,S4/J10/J10_R1/S4_J10_R1_IMAG0651.JPG,buffalo
ASG000c8z6,S4/J10/J10_R1/S4_J10_R1_IMAG0652.JPG,buffalo
ASG000c8pm,S4/J10/J10_R1/S4_J10_R1_IMAG0725.JPG,buffalo
ASG000c8pm,S4/J10/J10_R1/S4_J10_R1_IMAG0726.JPG,buffalo
ASG000c8pm,S4/J10/J10_R1/S4_J10_R1_IMAG0727.JPG,buffalo
ASG000c93o,S4/J10/J10_R1/S4_J10_R1_IMAG0833.JPG,buffalo
ASG000c93o,S4/J10/J10_R1/S4_J10_R1_IMAG0834.JPG,buffalo
ASG000c93o,S4/J10/J10_R1/S4_J10_R1_IMAG0835.JPG,buffalo
ASG000c8pt,S4/J10/J10_R1/S4_J10_R1_IMAG1328.JPG,buffalo
ASG000c8pt,S4/J10/J10_R1/S4_J10_R1_IMAG1329.JPG,buffalo
ASG000c8pt,S4/J10/J10_R1/S4_J10_R1_IMAG1330.JPG,buffalo
ASG000f8e4,S4/J11/J11_R1/S4_J11_R1_IMAG1416.JPG,buffalo
ASG000f8e4,S4/J11/J11_R1/S4_J11_R1_IMAG1417.JPG,buffalo
ASG000f8e4,S4/J11/J11_R1/S4_J11_R1_IMAG1418.JPG,buffalo
ASG000f87g,S4/J11/J11_R1/S4_J11_R1_IMAG1590.JPG,buffalo
ASG000f87g,S4/J11/J11_R1/S4_J11_R1_IMAG1591.JPG,buffalo
ASG000f87g,S4/J11/J11_R1/S4_J11_R1_IMAG1592.JPG,buffalo
ASG000d3ge,S4/K03/K03_R2/S4_K03_R2_IMAG0235.JPG,impala
ASG000d3ge,S4/K03/K03_R2/S4_K03_R2_IMAG0236.JPG,impala
ASG000d3ge,S4/K03/K03_R2/S4_K03_R2_IMAG0237.JPG,impala
ASG000d3h6,S4/K03/K03_R2/S4_K03_R2_IMAG0378.JPG,impala
ASG000d3h6,S4/K03/K03_R2/S4_K03_R2_IMAG0379.JPG,impala
ASG000d3h6,S4/K03/K03_R2/S4_K03_R2_IMAG0380.JPG,impala
ASG000dz8i,S4/K06/K06_R1/S4_K06_R1_IMAG0096.JPG,giraffe
ASG000dz8i,S4/K06/K06_R1/S4_K06_R1_IMAG0097.JPG,giraffe
ASG000dz8i,S4/K06/K06_R1/S4_K06_R1_IMAG0098.JPG,giraffe
ASG000dzaf,S4/K06/K06_R1/S4_K06_R1_IMAG0147.JPG,giraffe
ASG000dzaf,S4/K06/K06_R1/S4_K06_R1_IMAG0148.JPG,giraffe
ASG000dzaf,S4/K06/K06_R1/S4_K06_R1_IMAG0149.JPG,giraffe
ASG000dzdq,S4/K06/K06_R1/S4_K06_R1_IMAG0170.JPG,buffalo
ASG000dzc5,S4/K06/K06_R1/S4_K06_R1_IMAG0247.JPG,giraffe
ASG000dz96,S4/K06/K06_R1/S4_K06_R1_IMAG0380.JPG,giraffe
ASG000dz96,S4/K06/K06_R1/S4_K06_R1_IMAG0381.JPG,giraffe
ASG000dz96,S4/K06/K06_R1/S4_K06_R1_IMAG0382.JPG,giraffe
ASG000bfmk,S4/K07/K07_R1/S4_K07_R1_IMAG0058.JPG,giraffe
ASG000bfmk,S4/K07/K07_R1/S4_K07_R1_IMAG0059.JPG,giraffe
ASG000bfmk,S4/K07/K07_R1/S4_K07_R1_IMAG0060.JPG,giraffe
ASG000bfui,S4/K07/K07_R1/S4_K07_R1_IMAG0122.JPG,hartebeest
ASG000bfe9,S4/K07/K07_R1/S4_K07_R1_IMAG0210.JPG,gazelleThomsons
ASG000bfe9,S4/K07/K07_R1/S4_K07_R1_IMAG0211.JPG,gazelleThomsons
ASG000bfe9,S4/K07/K07_R1/S4_K07_R1_IMAG0212.JPG,gazelleThomsons
ASG000bfgu,S4/K07/K07_R1/S4_K07_R1_IMAG0478.JPG,hartebeest
ASG000bfgu,S4/K07/K07_R1/S4_K07_R1_IMAG0479.JPG,hartebeest
ASG000bfgu,S4/K07/K07_R1/S4_K07_R1_IMAG0480.JPG,hartebeest
ASG000bfoa,S4/K07/K07_R1/S4_K07_R1_IMAG0484.JPG,hartebeest
ASG000bfoa,S4/K07/K07_R1/S4_K07_R1_IMAG0485.JPG,hartebeest
ASG000bfoa,S4/K07/K07_R1/S4_K07_R1_IMAG0486.JPG,hartebeest
ASG000bfcg,S4/K07/K07_R1/S4_K07_R1_IMAG0496.JPG,hartebeest
ASG000bfcg,S4/K07/K07_R1/S4_K07_R1_IMAG0497.JPG,hartebeest
ASG000bfcg,S4/K07/K07_R1/S4_K07_R1_IMAG0498.JPG,hartebeest
ASG000bfrh,S4/K07/K07_R1/S4_K07_R1_IMAG1488.JPG,wildebeest
ASG000bfrh,S4/K07/K07_R1/S4_K07_R1_IMAG1489.JPG,wildebeest
ASG000bfrh,S4/K07/K07_R1/S4_K07_R1_IMAG1490.JPG,wildebeest
ASG000bftn,S4/K07/K07_R1/S4_K07_R1_IMAG2116.JPG,warthog
ASG000bftn,S4/K07/K07_R1/S4_K07_R1_IMAG2117.JPG,warthog
ASG000bftn,S4/K07/K07_R1/S4_K07_R1_IMAG2118.JPG,warthog
ASG000bfhv,S4/K07/K07_R1/S4_K07_R1_IMAG2145.JPG,warthog
ASG000bfhv,S4/K07/K07_R1/S4_K07_R1_IMAG2146.JPG,warthog
ASG000bfhv,S4/K07/K07_R1/S4_K07_R1_IMAG2147.JPG,warthog
ASG000bfpx,S4/K07/K07_R1/S4_K07_R1_IMAG2172.JPG,elephant
ASG000bfpx,S4/K07/K07_R1/S4_K07_R1_IMAG2173.JPG,elephant
ASG000bfpx,S4/K07/K07_R1/S4_K07_R1_IMAG2174.JPG,elephant
ASG000bf1k,S4/K07/K07_R2/S4_K07_R2_IMAG2488.JPG,giraffe
ASG000bf1k,S4/K07/K07_R2/S4_K07_R2_IMAG2489.JPG,giraffe
ASG000bf1k,S4/K07/K07_R2/S4_K07_R2_IMAG2490.JPG,giraffe
ASG000bp8y,S4/L01/L01_R1/S4_L01_R1_IMAG0021.JPG,impala
ASG000bp8y,S4/L01/L01_R1/S4_L01_R1_IMAG0022.JPG,impala
ASG000bp8y,S4/L01/L01_R1/S4_L01_R1_IMAG0023.JPG,impala
ASG000bp9g,S4/L01/L01_R1/S4_L01_R1_IMAG0135.JPG,elephant
ASG000bp9g,S4/L01/L01_R1/S4_L01_R1_IMAG0136.JPG,elephant
ASG000bp9g,S4/L01/L01_R1/S4_L01_R1_IMAG0137.JPG,elephant
ASG000bp8v,S4/L01/L01_R1/S4_L01_R1_IMAG0175.JPG,elephant
ASG000bp8v,S4/L01/L01_R1/S4_L01_R1_IMAG0176.JPG,elephant
ASG000bp8v,S4/L01/L01_R1/S4_L01_R1_IMAG0177.JPG,elephant
ASG000eszm,S4/L03/L03_R2/S4_L03_R2_IMAG0016.JPG,elephant
ASG000eszm,S4/L03/L03_R2/S4_L03_R2_IMAG0017.JPG,elephant
ASG000eszm,S4/L03/L03_R2/S4_L03_R2_IMAG0018.JPG,elephant
ASG000bip6,S4/L06/L06_R1/S4_L06_R1_IMAG0111.JPG,warthog
ASG000bip6,S4/L06/L06_R1/S4_L06_R1_IMAG0112.JPG,warthog
ASG000bip6,S4/L06/L06_R1/S4_L06_R1_IMAG0113.JPG,warthog
ASG000biq2,S4/L06/L06_R2/S4_L06_R2_IMAG0096.JPG,buffalo
ASG000biq2,S4/L06/L06_R2/S4_L06_R2_IMAG0097.JPG,buffalo
ASG000biq2,S4/L06/L06_R2/S4_L06_R2_IMAG0098.JPG,buffalo
ASG000cy9t,S4/L08/L08_R1/S4_L08_R1_IMAG1261.JPG,wildebeest
ASG000cy9t,S4/L08/L08_R1/S4_L08_R1_IMAG1262.JPG,wildebeest
ASG000cy9t,S4/L08/L08_R1/S4_L08_R1_IMAG1263.JPG,wildebeest
ASG000d9iu,S4/L11/L11_R2/S4_L11_R2_IMAG0024.JPG,elephant
ASG000d9iu,S4/L11/L11_R2/S4_L11_R2_IMAG0025.JPG,elephant
ASG000d9iu,S4/L11/L11_R2/S4_L11_R2_IMAG0026.JPG,elephant
ASG000bnuu,S4/M06/M06_R1/S4_M06_R1_IMAG0102.JPG,buffalo
ASG000bnuu,S4/M06/M06_R1/S4_M06_R1_IMAG0103.JPG,buffalo
ASG000bnuu,S4/M06/M06_R1/S4_M06_R1_IMAG0104.JPG,buffalo
ASG000bnp6,S4/M06/M06_R2/S4_M06_R2_IMAG0054.JPG,giraffe
ASG000bnp6,S4/M06/M06_R2/S4_M06_R2_IMAG0055.JPG,giraffe
ASG000bnp6,S4/M06/M06_R2/S4_M06_R2_IMAG0056.JPG,giraffe
ASG000cs3u,S4/M08/M08_R2/S4_M08_R2_IMAG6108.JPG,elephant
ASG000cs3u,S4/M08/M08_R2/S4_M08_R2_IMAG6109.JPG,elephant
ASG000cs3u,S4/M08/M08_R2/S4_M08_R2_IMAG6110.JPG,elephant
ASG000ceez,S4/M11/M11_R2/S4_M11_R2_IMAG0232.JPG,gazelleGrants
ASG000ceez,S4/M11/M11_R2/S4_M11_R2_IMAG0233.JPG,gazelleGrants
ASG000ceez,S4/M11/M11_R2/S4_M11_R2_IMAG0234.JPG,gazelleGrants
ASG000earp,S4/M13/M13_R2/S4_M13_R2_IMAG0868.JPG,wildebeest
ASG000eazq,S4/M13/M13_R2/S4_M13_R2_IMAG1171.JPG,wildebeest
ASG000eazq,S4/M13/M13_R2/S4_M13_R2_IMAG1172.JPG,wildebeest
ASG000eazq,S4/M13/M13_R2/S4_M13_R2_IMAG1173.JPG,wildebeest
ASG000eb0g,S4/M13/M13_R2/S4_M13_R2_IMAG1290.JPG,gazelleGrants
ASG000eb0g,S4/M13/M13_R2/S4_M13_R2_IMAG1291.JPG,gazelleGrants
ASG000eb0g,S4/M13/M13_R2/S4_M13_R2_IMAG1292.JPG,gazelleGrants
ASG000eaec,S4/M13/M13_R2/S4_M13_R2_IMAG1325.JPG,gazelleGrants
ASG000eaec,S4/M13/M13_R2/S4_M13_R2_IMAG1326.JPG,gazelleGrants
ASG000eaec,S4/M13/M13_R2/S4_M13_R2_IMAG1327.JPG,gazelleGrants
ASG000eapb,S4/M13/M13_R2/S4_M13_R2_IMAG1525.JPG,gazelleGrants
ASG000eapb,S4/M13/M13_R2/S4_M13_R2_IMAG1526.JPG,gazelleGrants
ASG000eapb,S4/M13/M13_R2/S4_M13_R2_IMAG1527.JPG,gazelleGrants
ASG000drzj,S4/N04/N04_R2/S4_N04_R2_IMAG0403.JPG,hartebeest
ASG000drzj,S4/N04/N04_R2/S4_N04_R2_IMAG0404.JPG,hartebeest
ASG000drzj,S4/N04/N04_R2/S4_N04_R2_IMAG0405.JPG,hartebeest
ASG000bnm9,S4/N05/N05_R1/S4_N05_R1_IMAG0023.JPG,hartebeest
ASG000bnm9,S4/N05/N05_R1/S4_N05_R1_IMAG0024.JPG,hartebeest
ASG000bnm9,S4/N05/N05_R1/S4_N05_R1_IMAG0025.JPG,hartebeest
ASG000bnls,S4/N05/N05_R1/S4_N05_R1_IMAG0041.JPG,hartebeest
ASG000bnls,S4/N05/N05_R1/S4_N05_R1_IMAG0042.JPG,hartebeest
ASG000bnls,S4/N05/N05_R1/S4_N05_R1_IMAG0043.JPG,hartebeest
ASG000bniv,S4/N05/N05_R2/S4_N05_R2_IMAG0046.JPG,gazelleGrants
ASG000bniv,S4/N05/N05_R2/S4_N05_R2_IMAG0047.JPG,gazelleGrants
ASG000bniv,S4/N05/N05_R2/S4_N05_R2_IMAG0048.JPG,gazelleGrants
ASG000czb6,S4/N06/N06_R1/S4_N06_R1_IMAG0709.JPG,gazelleGrants
ASG000czb6,S4/N06/N06_R1/S4_N06_R1_IMAG0710.JPG,gazelleGrants
ASG000czb6,S4/N06/N06_R1/S4_N06_R1_IMAG0711.JPG,gazelleGrants
ASG000cyzw,S4/N06/N06_R1/S4_N06_R1_IMAG0730.JPG,gazelleGrants
ASG000cyzw,S4/N06/N06_R1/S4_N06_R1_IMAG0731.JPG,gazelleGrants
ASG000cyzw,S4/N06/N06_R1/S4_N06_R1_IMAG0732.JPG,gazelleGrants
ASG000cz6n,S4/N06/N06_R1/S4_N06_R1_IMAG0754.JPG,gazelleGrants
ASG000cz6n,S4/N06/N06_R1/S4_N06_R1_IMAG0755.JPG,gazelleGrants
ASG000cz6n,S4/N06/N06_R1/S4_N06_R1_IMAG0756.JPG,gazelleGrants
ASG000cz43,S4/N06/N06_R1/S4_N06_R1_IMAG0877.JPG,hartebeest
ASG000cz43,S4/N06/N06_R1/S4_N06_R1_IMAG0878.JPG,hartebeest
ASG000cz43,S4/N06/N06_R1/S4_N06_R1_IMAG0879.JPG,hartebeest
ASG000cz0y,S4/N06/N06_R1/S4_N06_R1_IMAG1059.JPG,gazelleThomsons
ASG000cz0y,S4/N06/N06_R1/S4_N06_R1_IMAG1060.JPG,gazelleThomsons
ASG000cz0y,S4/N06/N06_R1/S4_N06_R1_IMAG1061.JPG,gazelleThomsons
ASG000czb7,S4/N06/N06_R1/S4_N06_R1_IMAG1149.JPG,gazelleThomsons
ASG000czb7,S4/N06/N06_R1/S4_N06_R1_IMAG1150.JPG,gazelleThomsons
ASG000czb7,S4/N06/N06_R1/S4_N06_R1_IMAG1151.JPG,gazelleThomsons
ASG000cz7q,S4/N06/N06_R1/S4_N06_R1_IMAG1474.JPG,elephant
ASG000cz7k,S4/N06/N06_R1/S4_N06_R1_IMAG1570.JPG,wildebeest
ASG000cz7k,S4/N06/N06_R1/S4_N06_R1_IMAG1571.JPG,wildebeest
ASG000cz7k,S4/N06/N06_R1/S4_N06_R1_IMAG1572.JPG,wildebeest
ASG000cyth,S4/N06/N06_R2/S4_N06_R2_IMAG0134.JPG,wildebeest
ASG000cyth,S4/N06/N06_R2/S4_N06_R2_IMAG0135.JPG,wildebeest
ASG000cyth,S4/N06/N06_R2/S4_N06_R2_IMAG0136.JPG,wildebeest
ASG000bjev,S4/N08/N08_R1/S4_N08_R1_IMAG0407.JPG,hartebeest
ASG000bjev,S4/N08/N08_R1/S4_N08_R1_IMAG0408.JPG,hartebeest
ASG000bjev,S4/N08/N08_R1/S4_N08_R1_IMAG0409.JPG,hartebeest
ASG000bixo,S4/N08/N08_R2/S4_N08_R2_IMAG0374.JPG,wildebeest
ASG000bixo,S4/N08/N08_R2/S4_N08_R2_IMAG0375.JPG,wildebeest
ASG000bixo,S4/N08/N08_R2/S4_N08_R2_IMAG0376.JPG,wildebeest
ASG000e4p3,S4/N09/N09_R1/S4_N09_R1_IMAG0037.JPG,elephant
ASG000e4p3,S4/N09/N09_R1/S4_N09_R1_IMAG0038.JPG,elephant
ASG000e4p3,S4/N09/N09_R1/S4_N09_R1_IMAG0039.JPG,elephant
ASG000e57z,S4/N09/N09_R2/S4_N09_R2_IMAG1789.JPG,zebra
ASG000e57z,S4/N09/N09_R2/S4_N09_R2_IMAG1790.JPG,zebra
ASG000e57z,S4/N09/N09_R2/S4_N09_R2_IMAG1791.JPG,zebra
ASG000bctx,S4/N11/N11_R2/S4_N11_R2_IMAG0298.JPG,wildebeest
ASG000bctx,S4/N11/N11_R2/S4_N11_R2_IMAG0299.JPG,wildebeest
ASG000bctx,S4/N11/N11_R2/S4_N11_R2_IMAG0300.JPG,wildebeest
ASG000e5di,S4/O04/O04_R2/S4_O04_R2_IMAG0044.JPG,elephant
ASG000e5di,S4/O04/O04_R2/S4_O04_R2_IMAG0045.JPG,elephant
ASG000e5di,S4/O04/O04_R2/S4_O04_R2_IMAG0046.JPG,elephant
ASG000e5e4,S4/O04/O04_R2/S4_O04_R2_IMAG0053.JPG,elephant
ASG000e5e4,S4/O04/O04_R2/S4_O04_R2_IMAG0054.JPG,elephant
ASG000e5e4,S4/O04/O04_R2/S4_O04_R2_IMAG0055.JPG,elephant
ASG000crxq,S4/O06/O06_R2/S4_O06_R2_IMAG0101.JPG,wildebeest
ASG000crxq,S4/O06/O06_R2/S4_O06_R2_IMAG0102.JPG,wildebeest
ASG000crxq,S4/O06/O06_R2/S4_O06_R2_IMAG0103.JPG,wildebeest
ASG000crtc,S4/O06/O06_R2/S4_O06_R2_IMAG0531.JPG,warthog
ASG000crtc,S4/O06/O06_R2/S4_O06_R2_IMAG0532.JPG,warthog
ASG000crtc,S4/O06/O06_R2/S4_O06_R2_IMAG0533.JPG,warthog
ASG000cryi,S4/O06/O06_R2/S4_O06_R2_IMAG0701.JPG,giraffe
ASG000cryi,S4/O06/O06_R2/S4_O06_R2_IMAG0702.JPG,giraffe
ASG000cryi,S4/O06/O06_R2/S4_O06_R2_IMAG0703.JPG,giraffe
ASG000crwn,S4/O06/O06_R2/S4_O06_R2_IMAG1163.JPG,elephant
ASG000crwn,S4/O06/O06_R2/S4_O06_R2_IMAG1164.JPG,elephant
ASG000crwn,S4/O06/O06_R2/S4_O06_R2_IMAG1165.JPG,elephant
ASG000f15p,S4/O07/O07_R1/S4_O07_R1_IMAG0670.JPG,gazelleGrants
ASG000f15p,S4/O07/O07_R1/S4_O07_R1_IMAG0671.JPG,gazelleGrants
ASG000f15p,S4/O07/O07_R1/S4_O07_R1_IMAG0672.JPG,gazelleGrants
ASG000f1bb,S4/O07/O07_R1/S4_O07_R1_IMAG0688.JPG,gazelleGrants
ASG000f1bb,S4/O07/O07_R1/S4_O07_R1_IMAG0689.JPG,gazelleGrants
ASG000f1bb,S4/O07/O07_R1/S4_O07_R1_IMAG0690.JPG,gazelleGrants
ASG000dr0e,S4/O09/O09_R2/S4_O09_R2_IMAG0038.JPG,elephant
ASG000dr0e,S4/O09/O09_R2/S4_O09_R2_IMAG0039.JPG,elephant
ASG000dr0e,S4/O09/O09_R2/S4_O09_R2_IMAG0040.JPG,elephant
ASG000dqlc,S4/O09/O09_R2/S4_O09_R2_IMAG0619.JPG,wildebeest
ASG000dqlc,S4/O09/O09_R2/S4_O09_R2_IMAG0620.JPG,wildebeest
ASG000dqlc,S4/O09/O09_R2/S4_O09_R2_IMAG0621.JPG,wildebeest
ASG000dr99,S4/O09/O09_R2/S4_O09_R2_IMAG0739.JPG,warthog
ASG000dr99,S4/O09/O09_R2/S4_O09_R2_IMAG0740.JPG,warthog
ASG000dr99,S4/O09/O09_R2/S4_O09_R2_IMAG0741.JPG,warthog
ASG000dfpa,S4/O10/O10_R1/S4_O10_R1_IMAG0185.JPG,elephant
ASG000dfpa,S4/O10/O10_R1/S4_O10_R1_IMAG0186.JPG,elephant
ASG000dfpa,S4/O10/O10_R1/S4_O10_R1_IMAG0187.JPG,elephant
ASG000dfn9,S4/O10/O10_R1/S4_O10_R1_IMAG0215.JPG,elephant
ASG000dfn9,S4/O10/O10_R1/S4_O10_R1_IMAG0216.JPG,elephant
ASG000dfn9,S4/O10/O10_R1/S4_O10_R1_IMAG0217.JPG,elephant
ASG000dh6d,S4/O10/O10_R2/S4_O10_R2_IMAG0357.JPG,wildebeest
ASG000dh6d,S4/O10/O10_R2/S4_O10_R2_IMAG0358.JPG,wildebeest
ASG000dh6d,S4/O10/O10_R2/S4_O10_R2_IMAG0359.JPG,wildebeest
ASG000dgdy,S4/O10/O10_R2/S4_O10_R2_IMAG0375.JPG,wildebeest
ASG000dgdy,S4/O10/O10_R2/S4_O10_R2_IMAG0376.JPG,wildebeest
ASG000dgdy,S4/O10/O10_R2/S4_O10_R2_IMAG0377.JPG,wildebeest
ASG000e47t,S4/P04/P04_R2/S4_P04_R2_IMAG0080.JPG,elephant
ASG000e47t,S4/P04/P04_R2/S4_P04_R2_IMAG0081.JPG,elephant
ASG000e47t,S4/P04/P04_R2/S4_P04_R2_IMAG0082.JPG,elephant
ASG000dt8r,S4/P09/P09_R2/S4_P09_R2_IMAG4605.JPG,wildebeest
ASG000dt8r,S4/P09/P09_R2/S4_P09_R2_IMAG4606.JPG,wildebeest
ASG000dt8r,S4/P09/P09_R2/S4_P09_R2_IMAG4607.JPG,wildebeest
ASG000du65,S4/P09/P09_R2/S4_P09_R2_IMAG4767.JPG,gazelleGrants
ASG000du65,S4/P09/P09_R2/S4_P09_R2_IMAG4768.JPG,gazelleGrants
ASG000du65,S4/P09/P09_R2/S4_P09_R2_IMAG4769.JPG,gazelleGrants
ASG000db7t,S4/P12/P12_R2/S4_P12_R2_IMAG1568.JPG,gazelleGrants
ASG000db7t,S4/P12/P12_R2/S4_P12_R2_IMAG1569.JPG,gazelleGrants
ASG000db7t,S4/P12/P12_R2/S4_P12_R2_IMAG1570.JPG,gazelleGrants
ASG000bls8,S4/Q05/Q05_R1/S4_Q05_R1_IMAG0214.JPG,buffalo
ASG000bm1w,S4/Q05/Q05_R2/S4_Q05_R2_IMAG0014.JPG,giraffe
ASG000bm1w,S4/Q05/Q05_R2/S4_Q05_R2_IMAG0015.JPG,giraffe
ASG000bm1w,S4/Q05/Q05_R2/S4_Q05_R2_IMAG0016.JPG,giraffe
ASG000bm4b,S4/Q05/Q05_R2/S4_Q05_R2_IMAG0949.JPG,elephant
ASG000bm4b,S4/Q05/Q05_R2/S4_Q05_R2_IMAG0950.JPG,elephant
ASG000bm4b,S4/Q05/Q05_R2/S4_Q05_R2_IMAG0951.JPG,elephant
ASG000czfm,S4/Q06/Q06_R1/S4_Q06_R1_IMAG0344.JPG,zebra
ASG000czma,S4/Q06/Q06_R1/S4_Q06_R1_IMAG0692.JPG,zebra
ASG000czma,S4/Q06/Q06_R1/S4_Q06_R1_IMAG0693.JPG,zebra
ASG000czma,S4/Q06/Q06_R1/S4_Q06_R1_IMAG0694.JPG,zebra
ASG000etex,S4/Q07/Q07_R1/S4_Q07_R1_IMAG0089.JPG,gazelleThomsons
ASG000etex,S4/Q07/Q07_R1/S4_Q07_R1_IMAG0090.JPG,gazelleThomsons
ASG000etex,S4/Q07/Q07_R1/S4_Q07_R1_IMAG0091.JPG,gazelleThomsons
ASG000et9b,S4/Q07/Q07_R2/S4_Q07_R2_IMAG0062.JPG,warthog
ASG000et9b,S4/Q07/Q07_R2/S4_Q07_R2_IMAG0063.JPG,warthog
ASG000et9b,S4/Q07/Q07_R2/S4_Q07_R2_IMAG0064.JPG,warthog
ASG000bk67,S4/Q08/Q08_R2/S4_Q08_R2_IMAG0270.JPG,zebra
ASG000bk67,S4/Q08/Q08_R2/S4_Q08_R2_IMAG0271.JPG,zebra
ASG000bk67,S4/Q08/Q08_R2/S4_Q08_R2_IMAG0272.JPG,zebra
ASG000bk7q,S4/Q08/Q08_R2/S4_Q08_R2_IMAG1350.JPG,zebra
ASG000bk7q,S4/Q08/Q08_R2/S4_Q08_R2_IMAG1351.JPG,zebra
ASG000bk7q,S4/Q08/Q08_R2/S4_Q08_R2_IMAG1352.JPG,zebra
ASG000egl2,S4/Q10/Q10_R2/S4_Q10_R2_IMAG0817.JPG,gazelleGrants
ASG000egl2,S4/Q10/Q10_R2/S4_Q10_R2_IMAG0818.JPG,gazelleGrants
ASG000egl2,S4/Q10/Q10_R2/S4_Q10_R2_IMAG0819.JPG,gazelleGrants
ASG000bdca,S4/Q11/Q11_R2/S4_Q11_R2_IMAG0038.JPG,wildebeest
ASG000bdca,S4/Q11/Q11_R2/S4_Q11_R2_IMAG0039.JPG,wildebeest
ASG000bdca,S4/Q11/Q11_R2/S4_Q11_R2_IMAG0040.JPG,wildebeest
ASG000bd93,S4/Q11/Q11_R2/S4_Q11_R2_IMAG0517.JPG,gazelleGrants
ASG000bd93,S4/Q11/Q11_R2/S4_Q11_R2_IMAG0518.JPG,gazelleGrants
ASG000bd93,S4/Q11/Q11_R2/S4_Q11_R2_IMAG0519.JPG,gazelleGrants
ASG000c9qe,S4/Q12/Q12_R2/S4_Q12_R2_IMAG0072.JPG,zebra
ASG000c9qe,S4/Q12/Q12_R2/S4_Q12_R2_IMAG0073.JPG,zebra
ASG000c9qe,S4/Q12/Q12_R2/S4_Q12_R2_IMAG0074.JPG,zebra
ASG000bnwb,S4/R06/R06_R1/S4_R06_R1_IMAG0495.JPG,elephant
ASG000bnwb,S4/R06/R06_R1/S4_R06_R1_IMAG0496.JPG,elephant
ASG000bnwb,S4/R06/R06_R1/S4_R06_R1_IMAG0497.JPG,elephant
ASG000bobw,S4/R06/R06_R2/S4_R06_R2_IMAG0098.JPG,buffalo
ASG000bobw,S4/R06/R06_R2/S4_R06_R2_IMAG0099.JPG,buffalo
ASG000bobw,S4/R06/R06_R2/S4_R06_R2_IMAG0100.JPG,buffalo
ASG000ducw,S4/R07/R07_R2/S4_R07_R2_IMAG0456.JPG,gazelleGrants
ASG000ducw,S4/R07/R07_R2/S4_R07_R2_IMAG0457.JPG,gazelleGrants
ASG000ducw,S4/R07/R07_R2/S4_R07_R2_IMAG0458.JPG,gazelleGrants
ASG000f40w,S4/R09/R09_R2/S4_R09_R2_IMAG0689.JPG,giraffe
ASG000f40w,S4/R09/R09_R2/S4_R09_R2_IMAG0690.JPG,giraffe
ASG000f40w,S4/R09/R09_R2/S4_R09_R2_IMAG0691.JPG,giraffe
ASG000f4m1,S4/R09/R09_R2/S4_R09_R2_IMAG0692.JPG,giraffe
ASG000f4m1,S4/R09/R09_R2/S4_R09_R2_IMAG0693.JPG,giraffe
ASG000f4m1,S4/R09/R09_R2/S4_R09_R2_IMAG0694.JPG,giraffe
ASG000fhhn,S4/R10/R10_R2/S4_R10_R2_IMAG0153.JPG,wildebeest
ASG000fh6x,S4/R10/R10_R2/S4_R10_R2_IMAG1510.JPG,warthog
ASG000fh6x,S4/R10/R10_R2/S4_R10_R2_IMAG1511.JPG,warthog
ASG000fh6x,S4/R10/R10_R2/S4_R10_R2_IMAG1512.JPG,warthog
ASG000fgxb,S4/R10/R10_R2/S4_R10_R2_IMAG4698.JPG,warthog
ASG000fgxb,S4/R10/R10_R2/S4_R10_R2_IMAG4699.JPG,warthog
ASG000fgxb,S4/R10/R10_R2/S4_R10_R2_IMAG4700.JPG,warthog
ASG000cia1,S4/R11/R11_R2/S4_R11_R2_IMAG0139.JPG,wildebeest
ASG000ch4e,S4/R11/R11_R2/S4_R11_R2_IMAG0618.JPG,gazelleGrants
ASG000chf4,S4/R11/R11_R2/S4_R11_R2_IMAG2548.JPG,wildebeest
ASG000e0cm,S4/S07/S07_R2/S4_S07_R2_IMAG0452.JPG,zebra
ASG000e0cm,S4/S07/S07_R2/S4_S07_R2_IMAG0453.JPG,zebra
ASG000e0cm,S4/S07/S07_R2/S4_S07_R2_IMAG0454.JPG,zebra
ASG000ej6l,S4/S10/S10_R1/S4_S10_R1_IMAG0026.JPG,gazelleGrants
ASG000ej6d,S4/S10/S10_R1/S4_S10_R1_IMAG0051.JPG,gazelleGrants
ASG000ej6d,S4/S10/S10_R1/S4_S10_R1_IMAG0052.JPG,gazelleGrants
ASG000ej6d,S4/S10/S10_R1/S4_S10_R1_IMAG0053.JPG,gazelleGrants
ASG000ejdu,S4/S10/S10_R2/S4_S10_R2_IMAG0469.JPG,wildebeest
ASG000ejdu,S4/S10/S10_R2/S4_S10_R2_IMAG0470.JPG,wildebeest
ASG000ejdu,S4/S10/S10_R2/S4_S10_R2_IMAG0471.JPG,wildebeest
ASG000ejv3,S4/S10/S10_R2/S4_S10_R2_IMAG1813.JPG,gazelleGrants
ASG000ejg2,S4/S10/S10_R2/S4_S10_R2_IMAG2165.JPG,wildebeest
ASG000ejg2,S4/S10/S10_R2/S4_S10_R2_IMAG2166.JPG,wildebeest
ASG000ejg2,S4/S10/S10_R2/S4_S10_R2_IMAG2167.JPG,wildebeest
ASG000d7uq,S4/S11/S11_R1/S4_S11_R1_IMAG0020.JPG,gazelleGrants
ASG000d7uq,S4/S11/S11_R1/S4_S11_R1_IMAG0021.JPG,gazelleGrants
ASG000d7uq,S4/S11/S11_R1/S4_S11_R1_IMAG0022.JPG,gazelleGrants
ASG000d7kw,S4/S11/S11_R1/S4_S11_R1_IMAG0185.JPG,gazelleThomsons
ASG000d7kw,S4/S11/S11_R1/S4_S11_R1_IMAG0186.JPG,gazelleThomsons
ASG000d7kw,S4/S11/S11_R1/S4_S11_R1_IMAG0187.JPG,gazelleThomsons
ASG000d7wt,S4/S11/S11_R1/S4_S11_R1_IMAG0266.JPG,gazelleThomsons
ASG000d7wt,S4/S11/S11_R1/S4_S11_R1_IMAG0267.JPG,gazelleThomsons
ASG000d7wt,S4/S11/S11_R1/S4_S11_R1_IMAG0268.JPG,gazelleThomsons
ASG000d7mq,S4/S11/S11_R1/S4_S11_R1_IMAG0681.JPG,gazelleThomsons
ASG000d7mq,S4/S11/S11_R1/S4_S11_R1_IMAG0682.JPG,gazelleThomsons
ASG000d7mq,S4/S11/S11_R1/S4_S11_R1_IMAG0683.JPG,gazelleThomsons
ASG000d7y9,S4/S11/S11_R1/S4_S11_R1_IMAG1222.JPG,gazelleThomsons
ASG000d7y9,S4/S11/S11_R1/S4_S11_R1_IMAG1223.JPG,gazelleThomsons
ASG000d7y9,S4/S11/S11_R1/S4_S11_R1_IMAG1224.JPG,gazelleThomsons
ASG000d66n,S4/S11/S11_R2/S4_S11_R2_IMAG0081.JPG,gazelleThomsons
ASG000d66n,S4/S11/S11_R2/S4_S11_R2_IMAG0082.JPG,gazelleThomsons
ASG000d66n,S4/S11/S11_R2/S4_S11_R2_IMAG0083.JPG,gazelleThomsons
ASG000d689,S4/S11/S11_R2/S4_S11_R2_IMAG0339.JPG,gazelleThomsons
ASG000d689,S4/S11/S11_R2/S4_S11_R2_IMAG0340.JPG,gazelleThomsons
ASG000d689,S4/S11/S11_R2/S4_S11_R2_IMAG0341.JPG,gazelleThomsons
ASG000d6kd,S4/S11/S11_R2/S4_S11_R2_IMAG0404.JPG,gazelleThomsons
ASG000d6kd,S4/S11/S11_R2/S4_S11_R2_IMAG0405.JPG,gazelleThomsons
ASG000d6kd,S4/S11/S11_R2/S4_S11_R2_IMAG0406.JPG,gazelleThomsons
ASG000d6uz,S4/S11/S11_R2/S4_S11_R2_IMAG1004.JPG,wildebeest
ASG000d6uz,S4/S11/S11_R2/S4_S11_R2_IMAG1005.JPG,wildebeest
ASG000d6uz,S4/S11/S11_R2/S4_S11_R2_IMAG1006.JPG,wildebeest
ASG000d5w8,S4/S11/S11_R2/S4_S11_R2_IMAG2799.JPG,wildebeest
ASG000d5w8,S4/S11/S11_R2/S4_S11_R2_IMAG2800.JPG,wildebeest
ASG000d5w8,S4/S11/S11_R2/S4_S11_R2_IMAG2801.JPG,wildebeest
ASG000d66g,S4/S11/S11_R2/S4_S11_R2_IMAG3307.JPG,gazelleThomsons
ASG000d66g,S4/S11/S11_R2/S4_S11_R2_IMAG3308.JPG,gazelleThomsons
ASG000d66g,S4/S11/S11_R2/S4_S11_R2_IMAG3309.JPG,gazelleThomsons
ASG000d7ij,S4/S11/S11_R2/S4_S11_R2_IMAG3352.JPG,gazelleThomsons
ASG000d7ij,S4/S11/S11_R2/S4_S11_R2_IMAG3353.JPG,gazelleThomsons
ASG000d7ij,S4/S11/S11_R2/S4_S11_R2_IMAG3354.JPG,gazelleThomsons
ASG000d6y9,S4/S11/S11_R2/S4_S11_R2_IMAG3370.JPG,gazelleThomsons
ASG000d6y9,S4/S11/S11_R2/S4_S11_R2_IMAG3371.JPG,gazelleThomsons
ASG000d6y9,S4/S11/S11_R2/S4_S11_R2_IMAG3372.JPG,gazelleThomsons
ASG000bzpy,S4/S12/S12_R2/S4_S12_R2_IMAG0339.JPG,gazelleThomsons
ASG000bzpy,S4/S12/S12_R2/S4_S12_R2_IMAG0340.JPG,gazelleThomsons
ASG000bzpy,S4/S12/S12_R2/S4_S12_R2_IMAG0341.JPG,gazelleThomsons
ASG000bzko,S4/S12/S12_R2/S4_S12_R2_IMAG0351.JPG,gazelleThomsons
ASG000bzko,S4/S12/S12_R2/S4_S12_R2_IMAG0352.JPG,gazelleThomsons
ASG000bzko,S4/S12/S12_R2/S4_S12_R2_IMAG0353.JPG,gazelleThomsons
ASG000c09l,S4/S12/S12_R2/S4_S12_R2_IMAG0406.JPG,gazelleThomsons
ASG000c09l,S4/S12/S12_R2/S4_S12_R2_IMAG0407.JPG,gazelleThomsons
ASG000c09l,S4/S12/S12_R2/S4_S12_R2_IMAG0408.JPG,gazelleThomsons
ASG000bzss,S4/S12/S12_R2/S4_S12_R2_IMAG0781.JPG,gazelleThomsons
ASG000bzss,S4/S12/S12_R2/S4_S12_R2_IMAG0782.JPG,gazelleThomsons
ASG000bzss,S4/S12/S12_R2/S4_S12_R2_IMAG0783.JPG,gazelleThomsons
ASG000bzru,S4/S12/S12_R2/S4_S12_R2_IMAG0910.JPG,gazelleThomsons
ASG000bzru,S4/S12/S12_R2/S4_S12_R2_IMAG0911.JPG,gazelleThomsons
ASG000bzru,S4/S12/S12_R2/S4_S12_R2_IMAG0912.JPG,gazelleThomsons
ASG000c080,S4/S12/S12_R2/S4_S12_R2_IMAG1186.JPG,gazelleThomsons
ASG000c080,S4/S12/S12_R2/S4_S12_R2_IMAG1187.JPG,gazelleThomsons
ASG000c080,S4/S12/S12_R2/S4_S12_R2_IMAG1188.JPG,gazelleThomsons
ASG000c0er,S4/S12/S12_R2/S4_S12_R2_IMAG1207.JPG,gazelleThomsons
ASG000c0er,S4/S12/S12_R2/S4_S12_R2_IMAG1208.JPG,gazelleThomsons
ASG000c0er,S4/S12/S12_R2/S4_S12_R2_IMAG1209.JPG,gazelleThomsons
ASG000bzq2,S4/S12/S12_R2/S4_S12_R2_IMAG1276.JPG,gazelleThomsons
ASG000bzq2,S4/S12/S12_R2/S4_S12_R2_IMAG1277.JPG,gazelleThomsons
ASG000bzq2,S4/S12/S12_R2/S4_S12_R2_IMAG1278.JPG,gazelleThomsons
ASG000c0br,S4/S12/S12_R2/S4_S12_R2_IMAG1483.JPG,gazelleThomsons
ASG000c0br,S4/S12/S12_R2/S4_S12_R2_IMAG1484.JPG,gazelleThomsons
ASG000c0br,S4/S12/S12_R2/S4_S12_R2_IMAG1485.JPG,gazelleThomsons
ASG000bzvc,S4/S12/S12_R2/S4_S12_R2_IMAG1684.JPG,gazelleThomsons
ASG000bzvc,S4/S12/S12_R2/S4_S12_R2_IMAG1685.JPG,gazelleThomsons
ASG000bzvc,S4/S12/S12_R2/S4_S12_R2_IMAG1686.JPG,gazelleThomsons
ASG000c00f,S4/S12/S12_R2/S4_S12_R2_IMAG1687.JPG,gazelleThomsons
ASG000c00f,S4/S12/S12_R2/S4_S12_R2_IMAG1688.JPG,gazelleThomsons
ASG000c00f,S4/S12/S12_R2/S4_S12_R2_IMAG1689.JPG,gazelleThomsons
ASG000bzb0,S4/S12/S12_R2/S4_S12_R2_IMAG2079.JPG,gazelleThomsons
ASG000bzb0,S4/S12/S12_R2/S4_S12_R2_IMAG2080.JPG,gazelleThomsons
ASG000bzb0,S4/S12/S12_R2/S4_S12_R2_IMAG2081.JPG,gazelleThomsons
ASG000c05d,S4/S12/S12_R2/S4_S12_R2_IMAG2421.JPG,gazelleThomsons
ASG000c05d,S4/S12/S12_R2/S4_S12_R2_IMAG2422.JPG,gazelleThomsons
ASG000c05d,S4/S12/S12_R2/S4_S12_R2_IMAG2423.JPG,gazelleThomsons
ASG000bze6,S4/S12/S12_R2/S4_S12_R2_IMAG2490.JPG,gazelleThomsons
ASG000bze6,S4/S12/S12_R2/S4_S12_R2_IMAG2491.JPG,gazelleThomsons
ASG000bze6,S4/S12/S12_R2/S4_S12_R2_IMAG2492.JPG,gazelleThomsons
ASG000di6h,S4/S13/S13_R2/S4_S13_R2_IMAG0052.JPG,gazelleThomsons
ASG000di6h,S4/S13/S13_R2/S4_S13_R2_IMAG0053.JPG,gazelleThomsons
ASG000di6h,S4/S13/S13_R2/S4_S13_R2_IMAG0054.JPG,gazelleThomsons
ASG000dicn,S4/S13/S13_R2/S4_S13_R2_IMAG0126.JPG,gazelleThomsons
ASG000dicn,S4/S13/S13_R2/S4_S13_R2_IMAG0127.JPG,gazelleThomsons
ASG000dicn,S4/S13/S13_R2/S4_S13_R2_IMAG0128.JPG,gazelleThomsons
ASG000di8b,S4/S13/S13_R2/S4_S13_R2_IMAG0518.JPG,gazelleThomsons
ASG000di8b,S4/S13/S13_R2/S4_S13_R2_IMAG0519.JPG,gazelleThomsons
ASG000di8b,S4/S13/S13_R2/S4_S13_R2_IMAG0520.JPG,gazelleThomsons
ASG000dfg7,S4/T10/T10_R2/S4_T10_R2_IMAG0845.JPG,gazelleGrants
ASG000dfgv,S4/T10/T10_R2/S4_T10_R2_IMAG0885.JPG,warthog
ASG000dfgv,S4/T10/T10_R2/S4_T10_R2_IMAG0886.JPG,warthog
ASG000dfgv,S4/T10/T10_R2/S4_T10_R2_IMAG0887.JPG,warthog
ASG000dffl,S4/T10/T10_R2/S4_T10_R2_IMAG0921.JPG,gazelleGrants
ASG000dffl,S4/T10/T10_R2/S4_T10_R2_IMAG0922.JPG,gazelleGrants
ASG000dffl,S4/T10/T10_R2/S4_T10_R2_IMAG0923.JPG,gazelleGrants
ASG000en5h,S4/T11/T11_R2/S4_T11_R2_IMAG0153.JPG,gazelleGrants
ASG000en5h,S4/T11/T11_R2/S4_T11_R2_IMAG0154.JPG,gazelleGrants
ASG000en5h,S4/T11/T11_R2/S4_T11_R2_IMAG0155.JPG,gazelleGrants
ASG000emt1,S4/T11/T11_R2/S4_T11_R2_IMAG0195.JPG,zebra
ASG000emt1,S4/T11/T11_R2/S4_T11_R2_IMAG0196.JPG,zebra
ASG000emt1,S4/T11/T11_R2/S4_T11_R2_IMAG0197.JPG,zebra
ASG000emq6,S4/T11/T11_R2/S4_T11_R2_IMAG1715.JPG,gazelleGrants
ASG000emq6,S4/T11/T11_R2/S4_T11_R2_IMAG1716.JPG,gazelleGrants
ASG000emq6,S4/T11/T11_R2/S4_T11_R2_IMAG1717.JPG,gazelleGrants
ASG000emsg,S4/T11/T11_R2/S4_T11_R2_IMAG1817.JPG,gazelleGrants
ASG000emsg,S4/T11/T11_R2/S4_T11_R2_IMAG1818.JPG,gazelleGrants
ASG000emsg,S4/T11/T11_R2/S4_T11_R2_IMAG1819.JPG,gazelleGrants
ASG000do2h,S4/T12/T12_R2/S4_T12_R2_IMAG0229.JPG,gazelleGrants
ASG000do2h,S4/T12/T12_R2/S4_T12_R2_IMAG0230.JPG,gazelleGrants
ASG000do2h,S4/T12/T12_R2/S4_T12_R2_IMAG0231.JPG,gazelleGrants
ASG000doa2,S4/T12/T12_R2/S4_T12_R2_IMAG0313.JPG,gazelleThomsons
ASG000dnzi,S4/T12/T12_R2/S4_T12_R2_IMAG0755.JPG,gazelleGrants
ASG000dnzi,S4/T12/T12_R2/S4_T12_R2_IMAG0756.JPG,gazelleGrants
ASG000dnzi,S4/T12/T12_R2/S4_T12_R2_IMAG0757.JPG,gazelleGrants
ASG000dod9,S4/T12/T12_R2/S4_T12_R2_IMAG0767.JPG,gazelleGrants
ASG000dod9,S4/T12/T12_R2/S4_T12_R2_IMAG0768.JPG,gazelleGrants
ASG000dod9,S4/T12/T12_R2/S4_T12_R2_IMAG0769.JPG,gazelleGrants
ASG000do41,S4/T12/T12_R2/S4_T12_R2_IMAG1009.JPG,hartebeest
ASG000do41,S4/T12/T12_R2/S4_T12_R2_IMAG1010.JPG,hartebeest
ASG000do41,S4/T12/T12_R2/S4_T12_R2_IMAG1011.JPG,hartebeest
ASG000do4y,S4/T12/T12_R2/S4_T12_R2_IMAG1258.JPG,gazelleGrants
ASG000do4y,S4/T12/T12_R2/S4_T12_R2_IMAG1259.JPG,gazelleGrants
ASG000do4y,S4/T12/T12_R2/S4_T12_R2_IMAG1260.JPG,gazelleGrants
ASG000do6k,S4/T12/T12_R2/S4_T12_R2_IMAG1391.JPG,gazelleGrants
ASG000do6k,S4/T12/T12_R2/S4_T12_R2_IMAG1392.JPG,gazelleGrants
ASG000do6k,S4/T12/T12_R2/S4_T12_R2_IMAG1393.JPG,gazelleGrants
ASG000do7y,S4/T12/T12_R2/S4_T12_R2_IMAG1461.JPG,gazelleGrants
ASG000do7y,S4/T12/T12_R2/S4_T12_R2_IMAG1462.JPG,gazelleGrants
ASG000do7y,S4/T12/T12_R2/S4_T12_R2_IMAG1463.JPG,gazelleGrants
ASG000c3vg,S4/T13/T13_R2/S4_T13_R2_IMAG0739.JPG,gazelleThomsons
ASG000c3vg,S4/T13/T13_R2/S4_T13_R2_IMAG0740.JPG,gazelleThomsons
ASG000c3vg,S4/T13/T13_R2/S4_T13_R2_IMAG0741.JPG,gazelleThomsons
ASG000c2z7,S4/T13/T13_R2/S4_T13_R2_IMAG0839.JPG,gazelleThomsons
ASG000c2z7,S4/T13/T13_R2/S4_T13_R2_IMAG0840.JPG,gazelleThomsons
ASG000c2z7,S4/T13/T13_R2/S4_T13_R2_IMAG0841.JPG,gazelleThomsons
ASG000c3it,S4/T13/T13_R2/S4_T13_R2_IMAG0938.JPG,gazelleThomsons
ASG000c3it,S4/T13/T13_R2/S4_T13_R2_IMAG0939.JPG,gazelleThomsons
ASG000c3it,S4/T13/T13_R2/S4_T13_R2_IMAG0940.JPG,gazelleThomsons
ASG000c3zr,S4/T13/T13_R2/S4_T13_R2_IMAG1063.JPG,gazelleThomsons
ASG000c3zr,S4/T13/T13_R2/S4_T13_R2_IMAG1064.JPG,gazelleThomsons
ASG000c3zr,S4/T13/T13_R2/S4_T13_R2_IMAG1065.JPG,gazelleThomsons
ASG000c479,S4/T13/T13_R2/S4_T13_R2_IMAG1117.JPG,gazelleThomsons
ASG000c479,S4/T13/T13_R2/S4_T13_R2_IMAG1118.JPG,gazelleThomsons
ASG000c479,S4/T13/T13_R2/S4_T13_R2_IMAG1119.JPG,gazelleThomsons
ASG000c3eo,S4/T13/T13_R2/S4_T13_R2_IMAG1253.JPG,gazelleThomsons
ASG000c3eo,S4/T13/T13_R2/S4_T13_R2_IMAG1254.JPG,gazelleThomsons
ASG000c3eo,S4/T13/T13_R2/S4_T13_R2_IMAG1255.JPG,gazelleThomsons
ASG000c2lp,S4/T13/T13_R2/S4_T13_R2_IMAG1313.JPG,gazelleThomsons
ASG000c2lp,S4/T13/T13_R2/S4_T13_R2_IMAG1314.JPG,gazelleThomsons
ASG000c2lp,S4/T13/T13_R2/S4_T13_R2_IMAG1315.JPG,gazelleThomsons
ASG000c3ch,S4/T13/T13_R2/S4_T13_R2_IMAG1516.JPG,gazelleThomsons
ASG000c3ch,S4/T13/T13_R2/S4_T13_R2_IMAG1517.JPG,gazelleThomsons
ASG000c3ch,S4/T13/T13_R2/S4_T13_R2_IMAG1518.JPG,gazelleThomsons
ASG000c2zb,S4/T13/T13_R2/S4_T13_R2_IMAG3806.JPG,gazelleThomsons
ASG000c2zb,S4/T13/T13_R2/S4_T13_R2_IMAG3807.JPG,gazelleThomsons
ASG000c2zb,S4/T13/T13_R2/S4_T13_R2_IMAG3808.JPG,gazelleThomsons
ASG000c3ua,S4/T13/T13_R2/S4_T13_R2_IMAG5764.JPG,gazelleThomsons
ASG000c32m,S4/T13/T13_R2/S4_T13_R2_IMAG6164.JPG,gazelleThomsons
ASG000c32m,S4/T13/T13_R2/S4_T13_R2_IMAG6165.JPG,gazelleThomsons
ASG000c32m,S4/T13/T13_R2/S4_T13_R2_IMAG6166.JPG,gazelleThomsons
ASG000c34v,S4/T13/T13_R2/S4_T13_R2_IMAG6209.JPG,gazelleThomsons
ASG000c34v,S4/T13/T13_R2/S4_T13_R2_IMAG6210.JPG,gazelleThomsons
ASG000c34v,S4/T13/T13_R2/S4_T13_R2_IMAG6211.JPG,gazelleThomsons
ASG000cky3,S4/U09/U09_R2/S4_U09_R2_IMAG0459.JPG,zebra
ASG000cky3,S4/U09/U09_R2/S4_U09_R2_IMAG0460.JPG,zebra
ASG000cky3,S4/U09/U09_R2/S4_U09_R2_IMAG0461.JPG,zebra
ASG000clde,S4/U09/U09_R2/S4_U09_R2_IMAG1272.JPG,wildebeest
ASG000clde,S4/U09/U09_R2/S4_U09_R2_IMAG1273.JPG,wildebeest
ASG000clde,S4/U09/U09_R2/S4_U09_R2_IMAG1274.JPG,wildebeest
ASG000clcm,S4/U09/U09_R2/S4_U09_R2_IMAG2126.JPG,wildebeest
ASG000clcm,S4/U09/U09_R2/S4_U09_R2_IMAG2127.JPG,wildebeest
ASG000clcm,S4/U09/U09_R2/S4_U09_R2_IMAG2128.JPG,wildebeest
ASG000c882,S4/U10/U10_R1/S4_U10_R1_IMAG0135.JPG,buffalo
ASG000c816,S4/U10/U10_R1/S4_U10_R1_IMAG0598.JPG,hartebeest
ASG000c816,S4/U10/U10_R1/S4_U10_R1_IMAG0599.JPG,hartebeest
ASG000c816,S4/U10/U10_R1/S4_U10_R1_IMAG0600.JPG,hartebeest
ASG000c8fw,S4/U10/U10_R3/S4_U10_R3_IMAG0215.JPG,zebra
ASG000c8fw,S4/U10/U10_R3/S4_U10_R3_IMAG0216.JPG,zebra
ASG000c8fw,S4/U10/U10_R3/S4_U10_R3_IMAG0217.JPG,zebra
ASG000e69q,S4/U12/U12_R2/S4_U12_R2_IMAG0126.JPG,zebra
ASG000e69q,S4/U12/U12_R2/S4_U12_R2_IMAG0127.JPG,zebra
ASG000e69q,S4/U12/U12_R2/S4_U12_R2_IMAG0128.JPG,zebra
ASG000e6ck,S4/U12/U12_R2/S4_U12_R2_IMAG0429.JPG,zebra
ASG000e6ck,S4/U12/U12_R2/S4_U12_R2_IMAG0430.JPG,zebra
ASG000e6ck,S4/U12/U12_R2/S4_U12_R2_IMAG0431.JPG,zebra
ASG000e6b5,S4/U12/U12_R2/S4_U12_R2_IMAG0489.JPG,zebra
ASG000e6b5,S4/U12/U12_R2/S4_U12_R2_IMAG0490.JPG,zebra
ASG000e6b5,S4/U12/U12_R2/S4_U12_R2_IMAG0491.JPG,zebra
ASG000b5hn,S4/U13/U13_R2/S4_U13_R2_IMAG0908.JPG,zebra
ASG000b5hn,S4/U13/U13_R2/S4_U13_R2_IMAG0909.JPG,zebra
ASG000b5hn,S4/U13/U13_R2/S4_U13_R2_IMAG0910.JPG,zebra
ASG000b5yh,S4/U13/U13_R2/S4_U13_R2_IMAG1294.JPG,warthog
ASG000b5yh,S4/U13/U13_R2/S4_U13_R2_IMAG1295.JPG,warthog
ASG000b5yh,S4/U13/U13_R2/S4_U13_R2_IMAG1296.JPG,warthog
ASG000b68k,S4/U13/U13_R2/S4_U13_R2_IMAG2866.JPG,zebra
ASG000b68k,S4/U13/U13_R2/S4_U13_R2_IMAG2867.JPG,zebra
ASG000b68k,S4/U13/U13_R2/S4_U13_R2_IMAG2868.JPG,zebra
ASG000b5d5,S4/U13/U13_R2/S4_U13_R2_IMAG3436.JPG,zebra
ASG000b5d5,S4/U13/U13_R2/S4_U13_R2_IMAG3437.JPG,zebra
ASG000b5d5,S4/U13/U13_R2/S4_U13_R2_IMAG3438.JPG,zebra
ASG000b5el,S4/U13/U13_R2/S4_U13_R2_IMAG3439.JPG,zebra
ASG000b5el,S4/U13/U13_R2/S4_U13_R2_IMAG3440.JPG,zebra
ASG000b5el,S4/U13/U13_R2/S4_U13_R2_IMAG3441.JPG,zebra
